2026-01-12 13:46:28,012 - resume_analyzer - WARNING - Groq rate limit, retrying in 2s...
2026-01-12 13:46:30,169 - resume_analyzer - WARNING - Groq rate limit, retrying in 2s...
2026-01-12 13:47:10,924 - resume_analyzer - WARNING - Groq rate limit, retrying in 2s...
2026-01-12 13:47:13,069 - resume_analyzer - WARNING - Groq rate limit, retrying in 2s...
2026-01-12 13:48:47,252 - resume_analyzer - INFO - Calling Groq API with model: llama-3.3-70b-versatile
2026-01-12 13:48:47,478 - resume_analyzer - WARNING - Groq rate limit (429), retrying in 2s (Attempt 1/5)...
2026-01-12 13:48:49,566 - resume_analyzer - WARNING - Groq rate limit (429), retrying in 4s (Attempt 2/5)...
2026-01-12 13:48:53,638 - resume_analyzer - WARNING - Groq rate limit (429), retrying in 8s (Attempt 3/5)...
2026-01-12 13:49:01,714 - resume_analyzer - WARNING - Groq rate limit (429), retrying in 16s (Attempt 4/5)...
2026-01-12 13:49:17,950 - resume_analyzer - WARNING - Groq rate limit (429), retrying in 32s (Attempt 5/5)...
2026-01-12 13:50:12,114 - resume_analyzer - INFO - Calling Groq API with model: llama-3.3-70b-versatile
2026-01-12 13:50:12,248 - resume_analyzer - WARNING - Groq rate limit (429), retrying in 2s (Attempt 1/5)...
2026-01-12 13:50:14,343 - resume_analyzer - WARNING - Groq rate limit (429), retrying in 4s (Attempt 2/5)...
2026-01-12 13:50:18,421 - resume_analyzer - WARNING - Groq rate limit (429), retrying in 8s (Attempt 3/5)...
2026-01-12 13:50:26,500 - resume_analyzer - WARNING - Groq rate limit (429), retrying in 16s (Attempt 4/5)...
2026-01-12 13:50:42,683 - resume_analyzer - WARNING - Groq rate limit (429), retrying in 32s (Attempt 5/5)...
2026-01-12 13:51:55,521 - resume_analyzer - INFO - Calling Groq API with model: llama-3.1-8b-instant
2026-01-12 13:52:20,676 - resume_analyzer - INFO - Calling Groq API with model: llama-3.1-8b-instant
2026-01-12 13:59:31,732 - resume_analyzer - INFO - Calling Groq API with model: llama-3.1-8b-instant
2026-01-12 13:59:32,546 - resume_analyzer - INFO - Calling Groq API with model: llama-3.1-70b-versatile
2026-01-12 13:59:32,684 - resume_analyzer - ERROR - Groq API error 400: {"error":{"message":"The model `llama-3.1-70b-versatile` has been decommissioned and is no longer supported. Please refer to https://console.groq.com/docs/deprecations for a recommendation on which model to use instead.","type":"invalid_request_error","code":"model_decommissioned"}}

2026-01-12 13:59:34,780 - resume_analyzer - ERROR - Groq API error 400: {"error":{"message":"The model `llama-3.1-70b-versatile` has been decommissioned and is no longer supported. Please refer to https://console.groq.com/docs/deprecations for a recommendation on which model to use instead.","type":"invalid_request_error","code":"model_decommissioned"}}

2026-01-12 13:59:36,873 - resume_analyzer - ERROR - Groq API error 400: {"error":{"message":"The model `llama-3.1-70b-versatile` has been decommissioned and is no longer supported. Please refer to https://console.groq.com/docs/deprecations for a recommendation on which model to use instead.","type":"invalid_request_error","code":"model_decommissioned"}}

2026-01-12 13:59:39,038 - resume_analyzer - ERROR - Groq API error 400: {"error":{"message":"The model `llama-3.1-70b-versatile` has been decommissioned and is no longer supported. Please refer to https://console.groq.com/docs/deprecations for a recommendation on which model to use instead.","type":"invalid_request_error","code":"model_decommissioned"}}

2026-01-12 13:59:41,151 - resume_analyzer - ERROR - Groq API error 400: {"error":{"message":"The model `llama-3.1-70b-versatile` has been decommissioned and is no longer supported. Please refer to https://console.groq.com/docs/deprecations for a recommendation on which model to use instead.","type":"invalid_request_error","code":"model_decommissioned"}}

2026-01-12 14:01:06,171 - resume_analyzer - INFO - Calling Groq API with model: llama-3.1-8b-instant
2026-01-12 14:01:06,859 - resume_analyzer - INFO - Calling Groq API with model: llama-3.3-70b-versatile
2026-01-12 14:01:06,987 - resume_analyzer - WARNING - Groq rate limit (429), retrying in 2s (Attempt 1/5)...
2026-01-12 14:01:09,058 - resume_analyzer - WARNING - Groq rate limit (429), retrying in 4s (Attempt 2/5)...
2026-01-12 14:01:13,188 - resume_analyzer - WARNING - Groq rate limit (429), retrying in 8s (Attempt 3/5)...
2026-01-12 14:01:21,311 - resume_analyzer - WARNING - Groq rate limit (429), retrying in 16s (Attempt 4/5)...
2026-01-12 14:01:37,454 - resume_analyzer - WARNING - Groq rate limit (429), retrying in 32s (Attempt 5/5)...
2026-01-12 14:01:58,073 - resume_analyzer - INFO - Calling Groq API with model: llama-3.1-8b-instant
2026-01-12 14:01:58,848 - resume_analyzer - INFO - Calling Groq API with model: llama-3.3-70b-versatile
2026-01-12 14:01:59,036 - resume_analyzer - WARNING - Groq rate limit (429), retrying in 4s (Attempt 1/7)...
2026-01-12 14:02:03,136 - resume_analyzer - WARNING - Groq rate limit (429), retrying in 8s (Attempt 2/7)...
2026-01-12 14:02:11,314 - resume_analyzer - WARNING - Groq rate limit (429), retrying in 16s (Attempt 3/7)...
2026-01-12 14:02:27,482 - resume_analyzer - WARNING - Groq rate limit (429), retrying in 32s (Attempt 4/7)...
2026-01-12 14:02:59,617 - resume_analyzer - WARNING - Groq rate limit (429), retrying in 64s (Attempt 5/7)...
2026-01-12 14:04:34,827 - resume_analyzer - INFO - Calling Groq API with model: llama-3.3-70b-versatile
2026-01-12 14:04:35,662 - resume_analyzer - INFO - Calling Groq API with model: llama-3.3-70b-versatile
2026-01-12 14:04:35,810 - resume_analyzer - WARNING - Groq rate limit (429), retrying in 4s (Attempt 1/7)...
2026-01-12 14:04:39,905 - resume_analyzer - WARNING - Groq rate limit (429), retrying in 8s (Attempt 2/7)...
2026-01-12 14:04:48,004 - resume_analyzer - WARNING - Groq rate limit (429), retrying in 16s (Attempt 3/7)...
2026-01-12 14:05:04,153 - resume_analyzer - WARNING - Groq rate limit (429), retrying in 32s (Attempt 4/7)...
2026-01-12 14:05:47,580 - resume_analyzer - INFO - Calling Groq API with model: llama-3.1-8b-instant
2026-01-12 14:05:48,102 - resume_analyzer - INFO - Calling Groq API with model: llama-3.3-70b-versatile
2026-01-12 14:05:48,223 - resume_analyzer - WARNING - Groq rate limit (429), retrying in 4s (Attempt 1/7)...
2026-01-12 14:05:52,307 - resume_analyzer - WARNING - Groq rate limit (429), retrying in 8s (Attempt 2/7)...
2026-01-12 14:06:00,397 - resume_analyzer - WARNING - Groq rate limit (429), retrying in 16s (Attempt 3/7)...
2026-01-12 14:06:16,597 - resume_analyzer - WARNING - Groq rate limit (429), retrying in 32s (Attempt 4/7)...
2026-01-12 14:06:23,743 - resume_analyzer - INFO - Calling Groq API with model: llama-3.1-8b-instant
2026-01-12 14:06:24,308 - resume_analyzer - INFO - Calling Groq API with model: llama-3.3-70b-versatile
2026-01-12 14:06:24,456 - resume_analyzer - WARNING - Groq rate limit (429), retrying in 4s (Attempt 1/7)...
2026-01-12 14:06:28,531 - resume_analyzer - WARNING - Groq rate limit (429), retrying in 8s (Attempt 2/7)...
2026-01-12 14:06:36,612 - resume_analyzer - WARNING - Groq rate limit (429), retrying in 16s (Attempt 3/7)...
2026-01-12 14:06:48,743 - resume_analyzer - WARNING - Groq rate limit (429), retrying in 64s (Attempt 5/7)...
2026-01-12 14:06:52,770 - resume_analyzer - WARNING - Groq rate limit (429), retrying in 32s (Attempt 4/7)...
2026-01-12 14:07:24,939 - resume_analyzer - WARNING - Groq rate limit (429), retrying in 64s (Attempt 5/7)...
2026-01-12 14:08:23,882 - resume_analyzer - INFO - Calling Groq API with model: groq/compound
2026-01-12 14:08:26,796 - resume_analyzer - INFO - Calling Groq API with model: groq/compound
2026-01-12 14:08:41,655 - resume_analyzer - INFO - Calling Groq API with model: groq/compound
2026-01-12 14:08:49,055 - resume_analyzer - INFO - Calling Groq API with model: groq/compound
2026-01-12 14:20:15,986 - resume_analyzer - INFO - Calling Groq API with model: groq/compound-mini
2026-01-12 14:20:19,158 - resume_analyzer - WARNING - Groq rate limit (429), retrying in 4s (Attempt 1/7)...
2026-01-12 14:20:26,242 - resume_analyzer - WARNING - Groq rate limit (429), retrying in 8s (Attempt 2/7)...
2026-01-12 14:20:37,324 - resume_analyzer - WARNING - Groq rate limit (429), retrying in 16s (Attempt 3/7)...
2026-01-12 14:20:56,497 - resume_analyzer - WARNING - Groq rate limit (429), retrying in 32s (Attempt 4/7)...
2026-01-12 14:21:31,677 - resume_analyzer - WARNING - Groq rate limit (429), retrying in 64s (Attempt 5/7)...
2026-01-12 14:24:02,850 - resume_analyzer - INFO - Calling Groq API with model: groq/compound-mini (max_retries: 3)
2026-01-12 14:24:06,032 - resume_analyzer - WARNING - Groq rate limit (429), retrying in 4s (Attempt 1/3)...
2026-01-12 14:24:13,234 - resume_analyzer - WARNING - Groq rate limit (429), retrying in 8s (Attempt 2/3)...
2026-01-12 14:24:24,783 - resume_analyzer - WARNING - Groq rate limit (429), retrying in 16s (Attempt 3/3)...
2026-01-12 14:25:44,986 - resume_analyzer - INFO - Calling Groq API with model: groq/compound-mini (max_retries: 3)
2026-01-12 14:25:48,186 - resume_analyzer - WARNING - Groq rate limit (429), retrying in 4s (Attempt 1/3)...
2026-01-12 14:25:55,308 - resume_analyzer - WARNING - Groq rate limit (429), retrying in 8s (Attempt 2/3)...
2026-01-12 14:26:06,415 - resume_analyzer - WARNING - Groq rate limit (429), retrying in 16s (Attempt 3/3)...
2026-01-12 14:47:04,484 - resume_analyzer - INFO - Calling Groq API with model: groq/compound-mini (max_retries: 3)
2026-01-12 14:47:07,725 - resume_analyzer - WARNING - Groq rate limit (429), retrying in 4s (Attempt 1/3)...
2026-01-12 14:47:14,889 - resume_analyzer - WARNING - Groq rate limit (429), retrying in 8s (Attempt 2/3)...
2026-01-12 14:47:26,006 - resume_analyzer - WARNING - Groq rate limit (429), retrying in 16s (Attempt 3/3)...
2026-01-19 15:25:26,279 - resume_analyzer - WARNING - Groq rate limit (429), retrying in 4s (Attempt 1/7)...
2026-01-19 15:26:20,397 - resume_analyzer - WARNING - Groq rate limit (429), retrying in 4s (Attempt 1/7)...
2026-01-25 11:45:31,989 - resume_analyzer - INFO - Calling Groq API with model: llama-3.1-8b-instant (max_retries: 3)
2026-01-25 12:13:58,560 - resume_analyzer - INFO - Calling Groq API with model: llama-3.1-8b-instant (max_retries: 7)
2026-01-26 07:50:40,870 - resume_analyzer - INFO - Calling Groq API with model: llama-3.1-8b-instant (max_retries: 3)
2026-01-26 07:50:43,514 - resume_analyzer - INFO - Calling Groq API with model: llama-3.1-8b-instant (max_retries: 7)
2026-01-26 07:52:02,511 - resume_analyzer - INFO - Calling Groq API with model: llama-3.1-8b-instant (max_retries: 7)
2026-01-26 07:52:07,176 - resume_analyzer - INFO - Calling Groq API with model: llama-3.1-8b-instant (max_retries: 7)
2026-01-26 07:52:29,826 - resume_analyzer - INFO - Calling Groq API with model: llama-3.1-8b-instant (max_retries: 7)
2026-01-26 07:52:31,788 - resume_analyzer - INFO - Calling Groq API with model: llama-3.3-70b-versatile (max_retries: 7)
2026-01-26 07:52:31,788 - resume_analyzer - INFO - Calling Groq API with model: llama-3.1-8b-instant (max_retries: 7)
2026-01-26 07:56:49,633 - resume_analyzer - INFO - Calling Groq API with model: llama-3.1-8b-instant (max_retries: 7)
2026-01-26 07:56:54,504 - resume_analyzer - INFO - Calling Groq API with model: llama-3.1-8b-instant (max_retries: 7)
2026-01-26 07:57:08,345 - resume_analyzer - INFO - Calling Groq API with model: llama-3.1-8b-instant (max_retries: 7)
2026-01-26 07:57:10,172 - resume_analyzer - INFO - Calling Groq API with model: llama-3.3-70b-versatile (max_retries: 7)
2026-01-26 07:57:10,174 - resume_analyzer - INFO - Calling Groq API with model: llama-3.1-8b-instant (max_retries: 7)
2026-01-26 08:04:35,129 - resume_analyzer - INFO - Calling Groq API with model: llama-3.1-8b-instant (max_retries: 7)
2026-01-26 08:04:37,824 - resume_analyzer - INFO - Calling Groq API with model: llama-3.1-8b-instant (max_retries: 7)
2026-01-26 08:04:55,726 - resume_analyzer - INFO - Calling Groq API with model: llama-3.1-8b-instant (max_retries: 7)
2026-01-26 08:04:57,774 - resume_analyzer - INFO - Calling Groq API with model: llama-3.3-70b-versatile (max_retries: 7)
2026-01-26 08:04:57,776 - resume_analyzer - INFO - Calling Groq API with model: llama-3.1-8b-instant (max_retries: 7)
2026-01-26 08:12:29,296 - resume_analyzer - INFO - Calling Groq API with model: llama-3.1-8b-instant (max_retries: 7)
2026-01-26 08:12:36,201 - resume_analyzer - INFO - Calling Groq API with model: llama-3.1-8b-instant (max_retries: 7)
2026-01-26 08:12:56,256 - resume_analyzer - INFO - Calling Groq API with model: llama-3.1-8b-instant (max_retries: 7)
2026-01-26 08:12:58,170 - resume_analyzer - INFO - Calling Groq API with model: llama-3.3-70b-versatile (max_retries: 7)
2026-01-26 08:12:58,172 - resume_analyzer - INFO - Calling Groq API with model: llama-3.1-8b-instant (max_retries: 7)
2026-01-26 08:53:42,136 - resume_analyzer - INFO - Calling Groq API with model: llama-3.1-8b-instant (max_retries: 7)
2026-01-26 08:53:45,011 - resume_analyzer - INFO - Calling Groq API with model: llama-3.1-8b-instant (max_retries: 7)
2026-01-26 09:44:28,822 - resume_analyzer - INFO - Calling Groq API with model: llama-3.1-8b-instant (max_retries: 7)
2026-01-26 09:44:38,015 - resume_analyzer - INFO - Calling Groq API with model: llama-3.1-8b-instant (max_retries: 7)
2026-02-09 09:17:09,044 - resume_analyzer - INFO - Calling Groq API with model: llama-3.1-8b-instant (max_retries: 7)
2026-02-19 22:58:30,728 - resume_analyzer - INFO - Calling Groq API with model: llama-3.1-8b-instant (max_retries: 7)
2026-02-19 22:58:32,010 - resume_analyzer - INFO - Calling Groq API with model: llama-3.1-8b-instant (max_retries: 7)
2026-02-20 13:00:43,309 - resume_analyzer - INFO - Calling Groq API with model: llama-3.1-8b-instant (max_retries: 3)
2026-02-20 13:03:23,297 - resume_analyzer - INFO - Calling Groq API with model: llama-3.1-8b-instant (max_retries: 3)
2026-02-20 13:03:23,348 - resume_analyzer - INFO - Calling Groq API with model: llama-3.1-8b-instant (max_retries: 3)
2026-02-20 13:03:46,795 - resume_analyzer - INFO - Calling Groq API with model: llama-3.1-8b-instant (max_retries: 7)
2026-02-20 13:03:48,481 - resume_analyzer - INFO - Calling Groq API with model: llama-3.1-8b-instant (max_retries: 7)
2026-02-20 13:22:00,634 - resume_analyzer - INFO - Calling Groq API with model: llama-3.1-8b-instant (max_retries: 3)
2026-02-20 13:22:00,711 - resume_analyzer - INFO - Calling Groq API with model: llama-3.1-8b-instant (max_retries: 3)
2026-02-20 13:22:16,771 - resume_analyzer - INFO - Calling Groq API with model: llama-3.1-8b-instant (max_retries: 7)
2026-02-20 13:22:18,550 - resume_analyzer - INFO - Calling Groq API with model: llama-3.1-8b-instant (max_retries: 7)
2026-02-20 13:22:28,107 - resume_analyzer - INFO - Calling Groq API with model: llama-3.3-70b-versatile (max_retries: 7)
2026-02-20 13:22:30,510 - resume_analyzer - INFO - Calling Groq API with model: llama-3.3-70b-versatile (max_retries: 7)
2026-02-20 13:39:00,596 - resume_analyzer - INFO - Calling Groq API with model: llama-3.1-8b-instant (max_retries: 3)
2026-02-20 13:39:00,690 - resume_analyzer - INFO - Calling Groq API with model: llama-3.1-8b-instant (max_retries: 3)
2026-02-20 13:39:15,062 - resume_analyzer - INFO - Calling Groq API with model: llama-3.1-8b-instant (max_retries: 7)
2026-02-20 13:39:16,952 - resume_analyzer - INFO - Calling Groq API with model: llama-3.1-8b-instant (max_retries: 7)
2026-02-20 13:39:38,982 - resume_analyzer - INFO - Calling Groq API with model: llama-3.3-70b-versatile (max_retries: 7)
2026-02-20 13:39:41,265 - resume_analyzer - INFO - Calling Groq API with model: llama-3.3-70b-versatile (max_retries: 7)
2026-02-20 13:39:44,010 - resume_analyzer - INFO - Calling Groq API with model: llama-3.3-70b-versatile (max_retries: 7)
2026-02-20 13:39:45,528 - resume_analyzer - INFO - Calling Groq API with model: llama-3.3-70b-versatile (max_retries: 7)
2026-02-20 13:45:06,563 - resume_analyzer - INFO - Calling Groq API with model: llama-3.1-8b-instant (max_retries: 3)
2026-02-20 13:45:06,821 - resume_analyzer - INFO - Calling Groq API with model: llama-3.1-8b-instant (max_retries: 3)
2026-02-20 13:45:18,006 - resume_analyzer - INFO - Calling Groq API with model: llama-3.1-8b-instant (max_retries: 7)
2026-02-20 13:45:19,504 - resume_analyzer - INFO - Calling Groq API with model: llama-3.1-8b-instant (max_retries: 7)
2026-02-20 13:45:26,853 - resume_analyzer - INFO - Calling Groq API with model: llama-3.3-70b-versatile (max_retries: 7)
2026-02-20 13:45:28,843 - resume_analyzer - INFO - Calling Groq API with model: llama-3.3-70b-versatile (max_retries: 7)
2026-02-20 13:49:17,559 - resume_analyzer - INFO - Calling Groq API with model: llama-3.1-8b-instant (max_retries: 3)
2026-02-20 13:49:17,632 - resume_analyzer - INFO - Calling Groq API with model: llama-3.1-8b-instant (max_retries: 3)
2026-02-20 13:50:17,850 - resume_analyzer - INFO - Calling Groq API with model: llama-3.1-8b-instant (max_retries: 7)
2026-02-20 13:50:19,627 - resume_analyzer - INFO - Calling Groq API with model: llama-3.1-8b-instant (max_retries: 7)
2026-02-20 13:50:26,355 - resume_analyzer - INFO - Calling Groq API with model: llama-3.3-70b-versatile (max_retries: 7)
2026-02-20 13:50:28,911 - resume_analyzer - INFO - Calling Groq API with model: llama-3.3-70b-versatile (max_retries: 7)
2026-02-20 13:50:59,274 - resume_analyzer - INFO - Calling Groq API with model: llama-3.1-8b-instant (max_retries: 3)
2026-02-20 13:50:59,352 - resume_analyzer - INFO - Calling Groq API with model: llama-3.1-8b-instant (max_retries: 3)
2026-02-20 13:53:11,099 - resume_analyzer - INFO - Calling Groq API with model: llama-3.1-8b-instant (max_retries: 3)
2026-02-20 13:53:11,151 - resume_analyzer - INFO - Calling Groq API with model: llama-3.1-8b-instant (max_retries: 3)
2026-02-20 14:40:41,101 - resume_analyzer - INFO - Calling Groq API with model: llama-3.1-8b-instant (max_retries: 3)
2026-02-20 14:40:41,176 - resume_analyzer - INFO - Calling Groq API with model: llama-3.1-8b-instant (max_retries: 3)
2026-02-20 15:43:08,401 - resume_analyzer - INFO - Calling Groq API with model: llama-3.1-8b-instant (max_retries: 7)
2026-02-20 15:43:10,168 - resume_analyzer - INFO - Calling Groq API with model: llama-3.1-8b-instant (max_retries: 7)
2026-02-20 15:43:18,323 - resume_analyzer - INFO - Calling Groq API with model: llama-3.3-70b-versatile (max_retries: 7)
2026-02-20 15:43:20,745 - resume_analyzer - INFO - Calling Groq API with model: llama-3.3-70b-versatile (max_retries: 7)
2026-02-22 16:47:18,982 - resume_analyzer - INFO - Calling Groq API with model: llama-3.1-8b-instant (max_retries: 3)
2026-02-22 16:47:19,113 - resume_analyzer - INFO - Calling Groq API with model: llama-3.1-8b-instant (max_retries: 3)
2026-02-22 16:47:37,742 - resume_analyzer - INFO - Calling Groq API with model: llama-3.1-8b-instant (max_retries: 3)
2026-02-22 16:47:37,854 - resume_analyzer - INFO - Calling Groq API with model: llama-3.1-8b-instant (max_retries: 3)
2026-02-22 16:50:17,592 - resume_analyzer - INFO - Calling Groq API with model: llama-3.1-8b-instant (max_retries: 7)
2026-02-22 17:19:57,260 - resume_analyzer - INFO - Calling Groq API with model: llama-3.1-8b-instant (max_retries: 3)
2026-02-22 17:19:57,414 - resume_analyzer - INFO - Calling Groq API with model: llama-3.1-8b-instant (max_retries: 3)
2026-02-22 17:20:27,345 - resume_analyzer - INFO - Calling Groq API with model: llama-3.1-8b-instant (max_retries: 7)
2026-02-22 17:20:29,440 - resume_analyzer - INFO - Calling Groq API with model: llama-3.1-8b-instant (max_retries: 7)
2026-02-22 17:37:32,186 - resume_analyzer - INFO - Calling Groq API with model: llama-3.1-8b-instant (max_retries: 7)
2026-02-22 17:37:33,808 - resume_analyzer - INFO - Calling Groq API with model: llama-3.1-8b-instant (max_retries: 7)
2026-02-22 22:58:07,263 - resume_analyzer - INFO - Calling Groq API with model: llama-3.1-8b-instant (max_retries: 3)
2026-02-22 22:58:07,318 - resume_analyzer - INFO - Calling Groq API with model: llama-3.1-8b-instant (max_retries: 3)
2026-02-22 23:10:45,805 - resume_analyzer - INFO - Calling Groq API with model: llama-3.1-8b-instant (max_retries: 3)
2026-02-22 23:13:16,925 - resume_analyzer - INFO - Calling Groq API with model: llama-3.1-8b-instant (max_retries: 3)
2026-02-22 23:14:03,519 - resume_analyzer - INFO - Calling Groq API with model: llama-3.1-8b-instant (max_retries: 3)
2026-02-22 23:17:11,032 - resume_analyzer - INFO - Calling Groq API with model: llama-3.1-8b-instant (max_retries: 3)
2026-02-22 23:18:17,191 - resume_analyzer - INFO - Calling Groq API with model: llama-3.1-8b-instant (max_retries: 3)
2026-02-22 23:21:52,268 - resume_analyzer - INFO - Calling Groq API with model: llama-3.1-8b-instant (max_retries: 3)
2026-02-22 23:24:48,389 - resume_analyzer - INFO - Calling Groq API with model: llama-3.1-8b-instant (max_retries: 3)
2026-02-22 23:26:40,482 - resume_analyzer - INFO - Calling Groq API with model: llama-3.1-8b-instant (max_retries: 3)
2026-02-22 23:59:25,233 - resume_analyzer - INFO - Calling Groq API with model: llama-3.1-8b-instant (max_retries: 3)
2026-02-23 00:09:06,832 - resume_analyzer - INFO - Calling Groq API with model: llama-3.1-8b-instant (max_retries: 3)
2026-02-23 00:09:14,002 - resume_analyzer - INFO - Calling Groq API with model: llama-3.1-8b-instant (max_retries: 3)
2026-02-23 00:09:28,638 - resume_analyzer - INFO - Calling Groq API with model: llama-3.1-8b-instant (max_retries: 3)
2026-02-23 00:09:30,134 - resume_analyzer - INFO - Calling Groq API with model: llama-3.3-70b-versatile (max_retries: 3)
2026-02-23 00:09:32,546 - resume_analyzer - INFO - Calling Groq API with model: llama-3.3-70b-versatile (max_retries: 3)
2026-02-23 00:13:25,970 - resume_analyzer - INFO - Calling Groq API with model: llama-3.1-8b-instant (max_retries: 3)
2026-02-23 00:13:27,616 - resume_analyzer - INFO - Calling Groq API with model: llama-3.1-8b-instant (max_retries: 3)
2026-02-23 00:13:42,184 - resume_analyzer - INFO - Calling Groq API with model: llama-3.1-8b-instant (max_retries: 3)
2026-02-23 00:13:43,598 - resume_analyzer - INFO - Calling Groq API with model: llama-3.3-70b-versatile (max_retries: 3)
2026-02-23 00:13:46,258 - resume_analyzer - INFO - Calling Groq API with model: llama-3.3-70b-versatile (max_retries: 3)
2026-02-23 00:14:13,849 - resume_analyzer - INFO - Calling Groq API with model: llama-3.1-8b-instant (max_retries: 3)
2026-02-23 00:14:15,321 - resume_analyzer - INFO - Calling Groq API with model: llama-3.1-8b-instant (max_retries: 3)
2026-02-23 08:23:40,211 - resume_analyzer - INFO - Calling Groq API with model: llama-3.1-8b-instant (max_retries: 3)
2026-02-23 08:23:41,745 - resume_analyzer - INFO - Calling Groq API with model: llama-3.1-8b-instant (max_retries: 3)
2026-02-23 08:52:18,957 - resume_analyzer - INFO - Calling Groq API with model: llama-3.1-8b-instant (max_retries: 3)
2026-02-23 08:52:19,021 - resume_analyzer - INFO - Calling Groq API with model: llama-3.1-8b-instant (max_retries: 3)
2026-02-23 08:54:27,493 - resume_analyzer - INFO - Calling Groq API with model: llama-3.1-8b-instant (max_retries: 3)
2026-02-23 08:54:29,023 - resume_analyzer - INFO - Calling Groq API with model: llama-3.1-8b-instant (max_retries: 3)
2026-02-27 15:00:25,011 - resume_analyzer - INFO - Calling Groq API with model: llama-3.1-8b-instant (max_retries: 3)
2026-02-27 15:00:25,610 - resume_analyzer - INFO - Calling Groq API with model: llama-3.3-70b-versatile (max_retries: 3)
2026-02-27 15:00:26,125 - resume_analyzer - INFO - Calling Groq API with model: llama-3.3-70b-versatile (max_retries: 3)
2026-02-28 11:43:33,972 - resume_analyzer - INFO - Calling Groq API with model: llama-3.1-8b-instant (max_retries: 3)
2026-02-28 11:43:34,058 - resume_analyzer - INFO - Calling Groq API with model: llama-3.1-8b-instant (max_retries: 3)
2026-02-28 11:44:11,048 - resume_analyzer - INFO - Calling Groq API with model: llama-3.1-8b-instant (max_retries: 3)
2026-02-28 11:44:14,662 - resume_analyzer - INFO - Calling Groq API with model: llama-3.1-8b-instant (max_retries: 3)
2026-02-28 11:44:16,289 - resume_analyzer - INFO - Calling Groq API with model: llama-3.1-8b-instant (max_retries: 3)
2026-02-28 11:44:25,096 - resume_analyzer - INFO - Calling Groq API with model: llama-3.1-8b-instant (max_retries: 3)
2026-02-28 11:44:26,614 - resume_analyzer - INFO - Calling Groq API with model: llama-3.3-70b-versatile (max_retries: 3)
2026-02-28 11:44:28,964 - resume_analyzer - INFO - Calling Groq API with model: llama-3.3-70b-versatile (max_retries: 3)
2026-02-28 11:46:00,048 - resume_analyzer - INFO - Calling Groq API with model: llama-3.1-8b-instant (max_retries: 3)
2026-02-28 11:46:27,218 - resume_analyzer - INFO - Calling Groq API with model: llama-3.1-8b-instant (max_retries: 3)
2026-02-28 11:46:27,271 - resume_analyzer - INFO - Calling Groq API with model: llama-3.1-8b-instant (max_retries: 3)
2026-02-28 11:46:32,681 - resume_analyzer - INFO - Calling Groq API with model: llama-3.1-8b-instant (max_retries: 3)
2026-02-28 11:46:34,036 - resume_analyzer - ERROR - Failed to extract resume data: Expecting ',' delimiter: line 118 column 6 (char 4848)
2026-02-28 11:46:43,927 - resume_analyzer - INFO - Calling Groq API with model: llama-3.1-8b-instant (max_retries: 3)
2026-02-28 11:46:44,010 - resume_analyzer - INFO - Calling Groq API with model: llama-3.1-8b-instant (max_retries: 3)
2026-02-28 11:46:52,580 - resume_analyzer - INFO - Calling Groq API with model: llama-3.1-8b-instant (max_retries: 3)
2026-02-28 11:46:52,627 - resume_analyzer - INFO - Calling Groq API with model: llama-3.1-8b-instant (max_retries: 3)
2026-02-28 11:47:21,959 - resume_analyzer - INFO - Calling Groq API with model: llama-3.1-8b-instant (max_retries: 3)
2026-02-28 11:47:27,313 - resume_analyzer - INFO - Calling Groq API with model: llama-3.1-8b-instant (max_retries: 3)
2026-02-28 11:47:31,806 - resume_analyzer - INFO - Calling Groq API with model: llama-3.1-8b-instant (max_retries: 3)
2026-02-28 11:47:33,307 - resume_analyzer - INFO - Calling Groq API with model: llama-3.1-8b-instant (max_retries: 3)
2026-02-28 11:47:45,665 - resume_analyzer - INFO - Calling Groq API with model: llama-3.3-70b-versatile (max_retries: 3)
2026-02-28 11:47:48,109 - resume_analyzer - INFO - Calling Groq API with model: llama-3.3-70b-versatile (max_retries: 3)
2026-02-28 12:14:58,669 - resume_analyzer - INFO - Calling Groq API with model: llama-3.1-8b-instant (max_retries: 3)
2026-02-28 12:14:58,827 - resume_analyzer - INFO - Calling Groq API with model: llama-3.1-8b-instant (max_retries: 3)
2026-02-28 12:15:40,023 - resume_analyzer - INFO - Calling Groq API with model: llama-3.1-8b-instant (max_retries: 3)
2026-02-28 12:15:49,188 - resume_analyzer - INFO - Calling Groq API with model: llama-3.1-8b-instant (max_retries: 3)
2026-02-28 12:15:58,211 - resume_analyzer - INFO - Calling Groq API with model: llama-3.1-8b-instant (max_retries: 3)
2026-02-28 12:16:07,482 - resume_analyzer - INFO - Calling Groq API with model: llama-3.1-8b-instant (max_retries: 3)
2026-02-28 12:47:56,201 - resume_analyzer - INFO - Calling Groq API with model: llama-3.1-8b-instant (max_retries: 3)
2026-02-28 13:33:23,563 - resume_analyzer - INFO - Calling Groq API with model: llama-3.1-8b-instant (max_retries: 3)
2026-02-28 13:33:31,590 - resume_analyzer - INFO - Calling Groq API with model: llama-3.1-8b-instant (max_retries: 3)
2026-02-28 13:33:40,032 - resume_analyzer - INFO - Calling Groq API with model: llama-3.1-8b-instant (max_retries: 3)
2026-02-28 13:33:42,173 - resume_analyzer - INFO - Calling Groq API with model: llama-3.1-8b-instant (max_retries: 3)
2026-02-28 14:05:39,909 - resume_analyzer - INFO - Calling Groq API with model: llama-3.1-8b-instant (max_retries: 3)
2026-02-28 14:05:53,212 - resume_analyzer - INFO - Calling Groq API with model: llama-3.1-8b-instant (max_retries: 3)
2026-02-28 14:05:56,148 - resume_analyzer - INFO - Calling Groq API with model: llama-3.1-8b-instant (max_retries: 3)
2026-02-28 14:05:57,730 - resume_analyzer - INFO - Calling Groq API with model: llama-3.1-8b-instant (max_retries: 3)
2026-02-28 14:06:36,016 - resume_analyzer - INFO - Calling Groq API with model: llama-3.1-8b-instant (max_retries: 3)
2026-02-28 14:06:36,146 - resume_analyzer - INFO - Calling Groq API with model: llama-3.1-8b-instant (max_retries: 3)
2026-02-28 14:06:53,202 - resume_analyzer - INFO - Calling Groq API with model: llama-3.1-8b-instant (max_retries: 3)
2026-02-28 14:06:59,447 - resume_analyzer - INFO - Calling Groq API with model: llama-3.1-8b-instant (max_retries: 3)
2026-02-28 14:07:01,124 - resume_analyzer - INFO - Calling Groq API with model: llama-3.1-8b-instant (max_retries: 3)
2026-02-28 14:07:03,145 - resume_analyzer - INFO - Calling Groq API with model: llama-3.1-8b-instant (max_retries: 3)
2026-02-28 14:07:17,668 - resume_analyzer - INFO - Calling Groq API with model: llama-3.3-70b-versatile (max_retries: 3)
2026-02-28 14:07:20,434 - resume_analyzer - INFO - Calling Groq API with model: llama-3.3-70b-versatile (max_retries: 3)
2026-02-28 14:15:34,660 - resume_analyzer - INFO - Calling Groq API with model: llama-3.1-8b-instant (max_retries: 3)
2026-02-28 14:15:38,951 - resume_analyzer - INFO - Calling Groq API with model: llama-3.1-8b-instant (max_retries: 3)
2026-02-28 14:15:40,740 - resume_analyzer - INFO - Calling Groq API with model: llama-3.1-8b-instant (max_retries: 3)
2026-02-28 14:15:42,648 - resume_analyzer - INFO - Calling Groq API with model: llama-3.1-8b-instant (max_retries: 3)
2026-02-28 14:15:54,897 - resume_analyzer - INFO - Calling Groq API with model: llama-3.3-70b-versatile (max_retries: 3)
2026-02-28 14:15:57,638 - resume_analyzer - INFO - Calling Groq API with model: llama-3.3-70b-versatile (max_retries: 3)
2026-02-28 14:20:21,148 - resume_analyzer - INFO - Calling Groq API with model: llama-3.1-8b-instant (max_retries: 3)
2026-02-28 14:20:36,582 - resume_analyzer - INFO - Calling Groq API with model: llama-3.1-8b-instant (max_retries: 3)
2026-02-28 14:20:42,642 - resume_analyzer - INFO - Calling Groq API with model: llama-3.1-8b-instant (max_retries: 3)
2026-02-28 14:20:46,367 - resume_analyzer - INFO - Calling Groq API with model: llama-3.1-8b-instant (max_retries: 3)
2026-02-28 14:21:07,902 - resume_analyzer - INFO - Calling Groq API with model: llama-3.3-70b-versatile (max_retries: 3)
2026-02-28 14:21:15,812 - resume_analyzer - INFO - Calling Groq API with model: llama-3.3-70b-versatile (max_retries: 3)
2026-02-28 14:24:50,294 - resume_analyzer - INFO - Calling Groq API with model: llama-3.1-8b-instant (max_retries: 3)
2026-02-28 14:25:11,857 - resume_analyzer - INFO - Calling Groq API with model: llama-3.1-8b-instant (max_retries: 3)
2026-02-28 14:25:16,273 - resume_analyzer - INFO - Calling Groq API with model: llama-3.1-8b-instant (max_retries: 3)
2026-02-28 14:25:21,010 - resume_analyzer - INFO - Calling Groq API with model: llama-3.1-8b-instant (max_retries: 3)
2026-02-28 14:25:39,375 - resume_analyzer - INFO - Calling Groq API with model: llama-3.3-70b-versatile (max_retries: 3)
2026-02-28 14:25:41,409 - resume_analyzer - INFO - Calling Groq API with model: llama-3.3-70b-versatile (max_retries: 3)
2026-02-28 21:09:42,768 - resume_analyzer - INFO - Calling Groq API with model: llama-3.1-8b-instant (max_retries: 3)
2026-02-28 21:09:44,622 - resume_analyzer - ERROR - Failed to extract resume data: Expecting ',' delimiter: line 81 column 10 (char 4383)
2026-02-28 21:09:53,414 - resume_analyzer - INFO - Calling Groq API with model: llama-3.1-8b-instant (max_retries: 3)
2026-02-28 21:09:56,101 - resume_analyzer - INFO - Calling Groq API with model: llama-3.1-8b-instant (max_retries: 3)
2026-02-28 21:09:57,760 - resume_analyzer - INFO - Calling Groq API with model: llama-3.1-8b-instant (max_retries: 3)
2026-02-28 21:10:11,348 - resume_analyzer - INFO - Calling Groq API with model: llama-3.3-70b-versatile (max_retries: 3)
2026-02-28 21:10:13,835 - resume_analyzer - INFO - Calling Groq API with model: llama-3.3-70b-versatile (max_retries: 3)
2026-03-01 10:31:48,962 - resume_analyzer - INFO - Calling Groq API with model: llama-3.1-8b-instant (max_retries: 3)
2026-03-01 10:31:57,016 - resume_analyzer - INFO - Calling Groq API with model: llama-3.1-8b-instant (max_retries: 3)
2026-03-01 10:31:57,064 - resume_analyzer - INFO - Calling Groq API with model: llama-3.1-8b-instant (max_retries: 3)
2026-03-01 10:32:05,682 - resume_analyzer - INFO - Calling Groq API with model: llama-3.1-8b-instant (max_retries: 3)
2026-03-01 10:32:08,382 - resume_analyzer - INFO - Calling Groq API with model: llama-3.1-8b-instant (max_retries: 3)
2026-03-01 10:32:10,257 - resume_analyzer - INFO - Calling Groq API with model: llama-3.1-8b-instant (max_retries: 3)
2026-03-01 10:32:24,218 - resume_analyzer - INFO - Calling Groq API with model: llama-3.3-70b-versatile (max_retries: 3)
2026-03-01 10:32:28,755 - resume_analyzer - INFO - Calling Groq API with model: llama-3.3-70b-versatile (max_retries: 3)
2026-03-01 10:32:31,349 - resume_analyzer - INFO - Calling Groq API with model: llama-3.3-70b-versatile (max_retries: 3)
2026-03-01 10:43:56,917 - resume_analyzer - INFO - Calling Groq API with model: llama-3.1-8b-instant (max_retries: 3)
2026-03-01 10:43:56,971 - resume_analyzer - INFO - Calling Groq API with model: llama-3.1-8b-instant (max_retries: 3)
2026-03-01 10:44:05,579 - resume_analyzer - INFO - Calling Groq API with model: llama-3.1-8b-instant (max_retries: 3)
2026-03-01 10:44:10,097 - resume_analyzer - INFO - Calling Groq API with model: llama-3.1-8b-instant (max_retries: 3)
2026-03-01 10:44:12,239 - resume_analyzer - INFO - Calling Groq API with model: llama-3.1-8b-instant (max_retries: 3)
2026-03-01 10:44:27,184 - resume_analyzer - INFO - Calling Groq API with model: llama-3.3-70b-versatile (max_retries: 3)
2026-03-01 10:44:29,534 - resume_analyzer - INFO - Calling Groq API with model: llama-3.3-70b-versatile (max_retries: 3)
2026-03-01 10:44:31,713 - resume_analyzer - INFO - Calling Groq API with model: llama-3.3-70b-versatile (max_retries: 3)
2026-03-01 11:22:30,755 - resume_analyzer - INFO - Calling Groq API with model: llama-3.1-8b-instant (max_retries: 3)
2026-03-01 11:22:30,813 - resume_analyzer - INFO - Calling Groq API with model: llama-3.1-8b-instant (max_retries: 3)
2026-03-01 11:22:32,372 - resume_analyzer - INFO - Calling Groq API with model: llama-3.1-8b-instant (max_retries: 3)
2026-03-01 11:22:44,589 - resume_analyzer - INFO - Calling Groq API with model: llama-3.1-8b-instant (max_retries: 3)
2026-03-01 11:23:00,058 - resume_analyzer - INFO - Calling Groq API with model: llama-3.1-8b-instant (max_retries: 3)
2026-03-01 11:23:02,388 - resume_analyzer - INFO - Calling Groq API with model: llama-3.1-8b-instant (max_retries: 3)
2026-03-01 11:23:03,848 - resume_analyzer - INFO - Calling Groq API with model: llama-3.1-8b-instant (max_retries: 3)
2026-03-01 11:23:14,420 - resume_analyzer - INFO - Calling Groq API with model: llama-3.3-70b-versatile (max_retries: 3)
2026-03-01 11:23:16,536 - resume_analyzer - INFO - Calling Groq API with model: llama-3.3-70b-versatile (max_retries: 3)
2026-03-01 11:23:22,286 - resume_analyzer - INFO - Calling Groq API with model: llama-3.3-70b-versatile (max_retries: 3)
2026-03-01 11:27:14,772 - resume_analyzer - INFO - Calling Groq API with model: llama-3.1-8b-instant (max_retries: 3)
2026-03-01 11:27:17,524 - resume_analyzer - INFO - Calling Groq API with model: llama-3.1-8b-instant (max_retries: 3)
2026-03-01 11:27:19,284 - resume_analyzer - INFO - Calling Groq API with model: llama-3.1-8b-instant (max_retries: 3)
2026-03-01 11:27:30,911 - resume_analyzer - INFO - Calling Groq API with model: llama-3.3-70b-versatile (max_retries: 3)
2026-03-01 11:27:34,176 - resume_analyzer - INFO - Calling Groq API with model: llama-3.3-70b-versatile (max_retries: 3)
2026-03-01 11:27:40,955 - resume_analyzer - INFO - Calling Groq API with model: llama-3.3-70b-versatile (max_retries: 3)
2026-03-01 11:28:04,025 - resume_analyzer - INFO - Calling Groq API with model: llama-3.1-8b-instant (max_retries: 3)
2026-03-01 11:28:05,399 - resume_analyzer - ERROR - Failed to extract resume data: Expecting ',' delimiter: line 85 column 10 (char 5165)
2026-03-01 11:28:06,205 - resume_analyzer - INFO - Calling Groq API with model: llama-3.1-8b-instant (max_retries: 3)
2026-03-01 11:28:07,909 - resume_analyzer - INFO - Calling Groq API with model: llama-3.1-8b-instant (max_retries: 3)
2026-03-01 11:28:16,919 - resume_analyzer - INFO - Calling Groq API with model: llama-3.3-70b-versatile (max_retries: 3)
2026-03-01 11:28:19,067 - resume_analyzer - INFO - Calling Groq API with model: llama-3.3-70b-versatile (max_retries: 3)
2026-03-01 11:28:25,673 - resume_analyzer - INFO - Calling Groq API with model: llama-3.3-70b-versatile (max_retries: 3)
2026-03-01 11:59:28,236 - resume_analyzer - INFO - Calling Groq API with model: llama-3.1-8b-instant (max_retries: 3)
2026-03-01 11:59:30,117 - resume_analyzer - INFO - Calling Groq API with model: llama-3.1-8b-instant (max_retries: 3)
2026-03-01 11:59:31,758 - resume_analyzer - INFO - Calling Groq API with model: llama-3.1-8b-instant (max_retries: 3)
2026-03-01 11:59:43,204 - resume_analyzer - INFO - Calling Groq API with model: llama-3.3-70b-versatile (max_retries: 3)
2026-03-01 11:59:44,239 - resume_analyzer - INFO - Calling Groq API with model: llama-3.3-70b-versatile (max_retries: 3)
2026-03-01 12:06:18,481 - resume_analyzer - INFO - Calling Groq API with model: llama-3.1-8b-instant (max_retries: 3)
2026-03-01 12:06:21,102 - resume_analyzer - INFO - Calling Groq API with model: llama-3.1-8b-instant (max_retries: 3)
2026-03-01 12:06:23,027 - resume_analyzer - INFO - Calling Groq API with model: llama-3.1-8b-instant (max_retries: 3)
2026-03-01 12:07:00,811 - resume_analyzer - INFO - Calling Groq API with model: llama-3.3-70b-versatile (max_retries: 3)
2026-03-01 12:07:03,404 - resume_analyzer - INFO - Calling Groq API with model: llama-3.3-70b-versatile (max_retries: 3)
2026-03-02 23:24:17,558 - resume_analyzer - INFO - Calling Groq API with model: llama-3.1-8b-instant (max_retries: 3)
2026-03-02 23:24:19,525 - resume_analyzer - ERROR - Failed to extract resume data: Expecting ',' delimiter: line 76 column 10 (char 4363)
2026-03-02 23:37:09,775 - resume_analyzer - INFO - Calling Groq API with model: llama-3.1-8b-instant (max_retries: 3)
2026-03-02 23:50:27,806 - resume_analyzer - INFO - Calling Groq API with model: llama-3.1-8b-instant (max_retries: 3)
2026-03-02 23:51:16,959 - resume_analyzer - INFO - Calling Groq API with model: llama-3.1-8b-instant (max_retries: 3)
2026-03-02 23:51:23,074 - resume_analyzer - INFO - Calling Groq API with model: llama-3.1-8b-instant (max_retries: 3)
2026-03-02 23:51:24,771 - resume_analyzer - INFO - Calling Groq API with model: llama-3.1-8b-instant (max_retries: 3)
2026-03-02 23:53:33,639 - resume_analyzer - INFO - Calling Groq API with model: llama-3.1-8b-instant (max_retries: 3)
2026-03-02 23:53:33,702 - resume_analyzer - INFO - Calling Groq API with model: llama-3.1-8b-instant (max_retries: 3)
2026-03-02 23:53:42,145 - resume_analyzer - INFO - Calling Groq API with model: llama-3.1-8b-instant (max_retries: 3)
2026-03-02 23:53:42,202 - resume_analyzer - INFO - Calling Groq API with model: llama-3.1-8b-instant (max_retries: 3)
2026-03-02 23:53:55,372 - resume_analyzer - INFO - Calling Groq API with model: llama-3.1-8b-instant (max_retries: 3)
2026-03-02 23:53:57,799 - resume_analyzer - INFO - Calling Groq API with model: llama-3.1-8b-instant (max_retries: 3)
2026-03-02 23:53:59,266 - resume_analyzer - INFO - Calling Groq API with model: llama-3.1-8b-instant (max_retries: 3)
2026-03-03 00:06:08,805 - resume_analyzer - INFO - Calling Groq API with model: llama-3.1-8b-instant (max_retries: 3)
2026-03-03 00:06:10,135 - resume_analyzer - ERROR - Failed to extract resume data: Expecting ',' delimiter: line 118 column 6 (char 4878)
2026-03-03 00:06:19,518 - resume_analyzer - INFO - Calling Groq API with model: llama-3.1-8b-instant (max_retries: 3)
2026-03-03 00:06:22,084 - resume_analyzer - INFO - Calling Groq API with model: llama-3.1-8b-instant (max_retries: 3)
2026-03-03 00:06:24,047 - resume_analyzer - INFO - Calling Groq API with model: llama-3.1-8b-instant (max_retries: 3)
2026-03-03 00:06:35,621 - resume_analyzer - INFO - Calling Groq API with model: llama-3.3-70b-versatile (max_retries: 3)
2026-03-03 00:06:38,089 - resume_analyzer - INFO - Calling Groq API with model: llama-3.3-70b-versatile (max_retries: 3)
2026-03-03 16:07:19,919 - resume_analyzer - INFO - Calling Groq API with model: llama-3.1-8b-instant (max_retries: 3)
2026-03-03 16:07:20,055 - resume_analyzer - INFO - Calling Groq API with model: llama-3.1-8b-instant (max_retries: 3)
2026-03-03 23:38:55,376 - resume_analyzer - INFO - Calling Groq API with model: llama-3.3-70b-versatile (max_retries: 3)
2026-03-03 23:38:55,780 - resume_analyzer - INFO - Calling Groq API with model: llama-3.1-8b-instant (max_retries: 3)
2026-03-11 07:59:11,630 - resume_analyzer - INFO - Calling Groq API with model: llama-3.1-8b-instant (max_retries: 3)
2026-03-11 07:59:14,067 - resume_analyzer - INFO - Calling Groq API with model: llama-3.1-8b-instant (max_retries: 3)
2026-03-11 07:59:15,774 - resume_analyzer - INFO - Calling Groq API with model: llama-3.1-8b-instant (max_retries: 3)
2026-03-11 07:59:28,159 - resume_analyzer - INFO - Calling Groq API with model: llama-3.3-70b-versatile (max_retries: 3)
2026-03-11 07:59:32,023 - resume_analyzer - INFO - Calling Groq API with model: llama-3.3-70b-versatile (max_retries: 3)
2026-03-11 08:28:52,641 - resume_analyzer - INFO - Calling Groq API with model: llama-3.1-8b-instant (max_retries: 3)
2026-03-11 08:28:54,146 - resume_analyzer - INFO - Calling Groq API with model: llama-3.1-8b-instant (max_retries: 3)
2026-03-11 08:29:06,626 - resume_analyzer - INFO - Calling Groq API with model: llama-3.3-70b-versatile (max_retries: 3)
2026-03-11 08:29:09,743 - resume_analyzer - INFO - Calling Groq API with model: llama-3.3-70b-versatile (max_retries: 3)
2026-03-11 08:41:46,076 - resume_analyzer - INFO - Calling Groq API with model: llama-3.1-8b-instant (max_retries: 3)
2026-03-11 08:41:47,813 - resume_analyzer - INFO - Calling Groq API with model: llama-3.1-8b-instant (max_retries: 3)
2026-03-11 08:42:16,524 - resume_analyzer - INFO - Calling Groq API with model: llama-3.3-70b-versatile (max_retries: 3)
2026-03-11 08:42:20,044 - resume_analyzer - INFO - Calling Groq API with model: llama-3.3-70b-versatile (max_retries: 3)
2026-03-11 08:54:47,154 - resume_analyzer - INFO - Calling Groq API with model: llama-3.1-8b-instant (max_retries: 3)
2026-03-11 08:54:48,814 - resume_analyzer - INFO - Calling Groq API with model: llama-3.1-8b-instant (max_retries: 3)
2026-03-11 08:55:00,547 - resume_analyzer - INFO - Calling Groq API with model: llama-3.3-70b-versatile (max_retries: 3)
2026-03-11 08:55:03,920 - resume_analyzer - INFO - Calling Groq API with model: llama-3.3-70b-versatile (max_retries: 3)
2026-03-11 09:03:50,352 - resume_analyzer - INFO - Calling Groq API with model: llama-3.1-8b-instant (max_retries: 3)
2026-03-11 09:03:52,289 - resume_analyzer - INFO - Calling Groq API with model: llama-3.1-8b-instant (max_retries: 3)
2026-03-11 09:04:30,606 - resume_analyzer - INFO - Calling Groq API with model: llama-3.3-70b-versatile (max_retries: 3)
2026-03-11 09:04:33,482 - resume_analyzer - INFO - Calling Groq API with model: llama-3.3-70b-versatile (max_retries: 3)
2026-03-11 09:09:50,994 - resume_analyzer - INFO - Calling Groq API with model: llama-3.1-8b-instant (max_retries: 3)
2026-03-11 09:09:52,999 - resume_analyzer - INFO - Calling Groq API with model: llama-3.1-8b-instant (max_retries: 3)
2026-03-11 09:10:06,685 - resume_analyzer - INFO - Calling Groq API with model: llama-3.3-70b-versatile (max_retries: 3)
2026-03-11 09:10:09,724 - resume_analyzer - INFO - Calling Groq API with model: llama-3.3-70b-versatile (max_retries: 3)
2026-03-11 09:22:45,136 - resume_analyzer - INFO - Calling Groq API with model: llama-3.1-8b-instant (max_retries: 3)
2026-03-11 09:22:47,164 - resume_analyzer - INFO - Calling Groq API with model: llama-3.1-8b-instant (max_retries: 3)
2026-03-11 09:23:01,055 - resume_analyzer - INFO - Calling Groq API with model: llama-3.3-70b-versatile (max_retries: 3)
2026-03-11 09:23:04,188 - resume_analyzer - INFO - Calling Groq API with model: llama-3.3-70b-versatile (max_retries: 3)
2026-03-11 10:49:54,099 - resume_analyzer - INFO - Calling Groq API with model: llama-3.1-8b-instant (max_retries: 3)
2026-03-11 10:49:55,885 - resume_analyzer - INFO - Calling Groq API with model: llama-3.1-8b-instant (max_retries: 3)
2026-03-11 10:50:09,542 - resume_analyzer - INFO - Calling Groq API with model: llama-3.3-70b-versatile (max_retries: 3)
2026-03-11 10:50:13,149 - resume_analyzer - INFO - Calling Groq API with model: llama-3.3-70b-versatile (max_retries: 3)
2026-03-11 11:03:23,963 - resume_analyzer - INFO - Calling Groq API with model: llama-3.1-8b-instant (max_retries: 3)
2026-03-11 11:03:26,311 - resume_analyzer - INFO - Calling Groq API with model: llama-3.1-8b-instant (max_retries: 3)
2026-03-11 11:03:50,937 - resume_analyzer - INFO - Calling Groq API with model: llama-3.3-70b-versatile (max_retries: 3)
2026-03-11 11:03:54,296 - resume_analyzer - INFO - Calling Groq API with model: llama-3.3-70b-versatile (max_retries: 3)
2026-03-11 11:27:10,858 - resume_analyzer - INFO - Calling Groq API with model: llama-3.1-8b-instant (max_retries: 3)
2026-03-11 11:27:13,100 - resume_analyzer - INFO - Calling Groq API with model: llama-3.1-8b-instant (max_retries: 3)
2026-03-11 11:27:26,679 - resume_analyzer - INFO - Calling Groq API with model: llama-3.3-70b-versatile (max_retries: 3)
2026-03-11 11:27:31,676 - resume_analyzer - INFO - Calling Groq API with model: llama-3.3-70b-versatile (max_retries: 3)
2026-03-11 11:50:28,544 - resume_analyzer - INFO - Calling Groq API with model: llama-3.1-8b-instant (max_retries: 3)
2026-03-11 11:50:31,426 - resume_analyzer - INFO - Calling Groq API with model: llama-3.1-8b-instant (max_retries: 3)
2026-03-11 11:50:45,462 - resume_analyzer - INFO - Calling Groq API with model: llama-3.3-70b-versatile (max_retries: 3)
2026-03-11 11:50:48,763 - resume_analyzer - INFO - Calling Groq API with model: llama-3.3-70b-versatile (max_retries: 3)
2026-03-11 11:57:34,667 - resume_analyzer - INFO - Calling Groq API with model: llama-3.1-8b-instant (max_retries: 3)
2026-03-11 11:57:38,738 - resume_analyzer - INFO - Calling Groq API with model: llama-3.1-8b-instant (max_retries: 3)
2026-03-11 11:57:54,737 - resume_analyzer - INFO - Calling Groq API with model: llama-3.3-70b-versatile (max_retries: 3)
2026-03-11 11:57:58,396 - resume_analyzer - INFO - Calling Groq API with model: llama-3.3-70b-versatile (max_retries: 3)
2026-03-11 11:58:03,319 - resume_analyzer - INFO - Calling Groq API with model: llama-3.1-8b-instant (max_retries: 3)
2026-03-11 11:58:06,075 - resume_analyzer - ERROR - Failed to extract resume data: Expecting ',' delimiter: line 88 column 10 (char 4363)
2026-03-11 11:58:06,077 - resume_analyzer - INFO - Calling Groq API with model: llama-3.3-70b-versatile (max_retries: 3)
2026-03-11 11:58:08,737 - resume_analyzer - INFO - Calling Groq API with model: llama-3.3-70b-versatile (max_retries: 3)
2026-03-11 12:07:08,858 - resume_analyzer - INFO - Calling Groq API with model: llama-3.1-8b-instant (max_retries: 3)
2026-03-11 12:07:11,293 - resume_analyzer - INFO - Calling Groq API with model: llama-3.1-8b-instant (max_retries: 3)
2026-03-11 12:07:24,843 - resume_analyzer - INFO - Calling Groq API with model: llama-3.3-70b-versatile (max_retries: 3)
2026-03-11 12:07:28,580 - resume_analyzer - INFO - Calling Groq API with model: llama-3.3-70b-versatile (max_retries: 3)
2026-03-11 12:16:25,296 - resume_analyzer - INFO - Calling Groq API with model: llama-3.1-8b-instant (max_retries: 3)
2026-03-11 12:16:27,565 - resume_analyzer - INFO - Calling Groq API with model: llama-3.1-8b-instant (max_retries: 3)
2026-03-11 12:16:42,783 - resume_analyzer - INFO - Calling Groq API with model: llama-3.3-70b-versatile (max_retries: 3)
2026-03-11 12:16:46,222 - resume_analyzer - INFO - Calling Groq API with model: llama-3.3-70b-versatile (max_retries: 3)
2026-03-11 14:42:51,294 - resume_analyzer - INFO - Calling Groq API with model: llama-3.1-8b-instant (max_retries: 3)
2026-03-11 14:42:53,262 - resume_analyzer - INFO - Calling Groq API with model: llama-3.1-8b-instant (max_retries: 3)
2026-03-11 14:43:20,068 - resume_analyzer - INFO - Calling Groq API with model: llama-3.3-70b-versatile (max_retries: 3)
2026-03-11 14:43:23,099 - resume_analyzer - INFO - Calling Groq API with model: llama-3.3-70b-versatile (max_retries: 3)
2026-03-11 14:54:52,210 - resume_analyzer - INFO - Calling Groq API with model: llama-3.1-8b-instant (max_retries: 3)
2026-03-11 14:54:54,113 - resume_analyzer - INFO - Calling Groq API with model: llama-3.1-8b-instant (max_retries: 3)
2026-03-11 14:55:04,955 - resume_analyzer - INFO - Calling Groq API with model: llama-3.3-70b-versatile (max_retries: 3)
2026-03-11 14:55:08,320 - resume_analyzer - INFO - Calling Groq API with model: llama-3.3-70b-versatile (max_retries: 3)
2026-03-11 15:10:03,044 - resume_analyzer - INFO - Calling Groq API with model: llama-3.1-8b-instant (max_retries: 3)
2026-03-11 15:10:03,317 - resume_analyzer - WARNING - Groq rate limit (429), retrying in 2s (Attempt 1/3)...
2026-03-11 15:10:05,410 - resume_analyzer - WARNING - Groq rate limit (429), retrying in 4s (Attempt 2/3)...
2026-03-11 15:10:09,510 - resume_analyzer - WARNING - Groq rate limit (429), retrying in 8s (Attempt 3/3)...
2026-03-11 15:10:17,534 - resume_analyzer - WARNING - Resume analysis failed (rate limit). Using basic fallback.
2026-03-11 15:10:17,534 - resume_analyzer - INFO - Calling Groq API with model: llama-3.1-8b-instant (max_retries: 3)
2026-03-11 15:10:40,380 - resume_analyzer - INFO - Calling Groq API with model: llama-3.1-8b-instant (max_retries: 3)
2026-03-11 15:10:42,551 - resume_analyzer - INFO - Calling Groq API with model: llama-3.1-8b-instant (max_retries: 3)
2026-03-11 15:10:57,616 - resume_analyzer - INFO - Calling Groq API with model: llama-3.3-70b-versatile (max_retries: 3)
2026-03-11 15:11:00,801 - resume_analyzer - INFO - Calling Groq API with model: llama-3.3-70b-versatile (max_retries: 3)
2026-03-11 16:18:01,906 - resume_analyzer - INFO - Calling Groq API with model: llama-3.1-8b-instant (max_retries: 3)
2026-03-11 16:18:03,804 - resume_analyzer - INFO - Calling Groq API with model: llama-3.1-8b-instant (max_retries: 3)
2026-03-11 16:18:15,958 - resume_analyzer - INFO - Calling Groq API with model: llama-3.3-70b-versatile (max_retries: 3)
2026-03-11 16:18:19,626 - resume_analyzer - INFO - Calling Groq API with model: llama-3.3-70b-versatile (max_retries: 3)
2026-03-11 16:31:26,279 - resume_analyzer - INFO - Calling Groq API with model: llama-3.1-8b-instant (max_retries: 3)
2026-03-11 16:31:28,211 - resume_analyzer - INFO - Calling Groq API with model: llama-3.1-8b-instant (max_retries: 3)
2026-03-11 16:32:26,629 - resume_analyzer - INFO - Calling Groq API with model: llama-3.3-70b-versatile (max_retries: 3)
2026-03-11 16:32:29,866 - resume_analyzer - INFO - Calling Groq API with model: llama-3.3-70b-versatile (max_retries: 3)
2026-03-11 23:25:07,924 - resume_analyzer - INFO - Calling Groq API with model: llama-3.1-8b-instant (max_retries: 3)
2026-03-11 23:25:10,314 - resume_analyzer - INFO - Calling Groq API with model: llama-3.1-8b-instant (max_retries: 3)
2026-03-11 23:25:36,568 - resume_analyzer - INFO - Calling Groq API with model: llama-3.3-70b-versatile (max_retries: 3)
2026-03-11 23:25:39,585 - resume_analyzer - INFO - Calling Groq API with model: llama-3.3-70b-versatile (max_retries: 3)
2026-03-11 23:25:45,051 - resume_analyzer - INFO - Calling Groq API with model: llama-3.1-8b-instant (max_retries: 3)
2026-03-11 23:25:47,017 - resume_analyzer - ERROR - Failed to extract resume data: Expecting ',' delimiter: line 88 column 10 (char 4358)
2026-03-11 23:25:47,017 - resume_analyzer - INFO - Calling Groq API with model: llama-3.3-70b-versatile (max_retries: 3)
2026-03-11 23:25:49,406 - resume_analyzer - INFO - Calling Groq API with model: llama-3.3-70b-versatile (max_retries: 3)
2026-03-11 23:32:37,638 - resume_analyzer - INFO - Calling Groq API with model: llama-3.1-8b-instant (max_retries: 3)
2026-03-11 23:32:39,383 - resume_analyzer - INFO - Calling Groq API with model: llama-3.1-8b-instant (max_retries: 3)
2026-03-11 23:32:50,994 - resume_analyzer - INFO - Calling Groq API with model: llama-3.3-70b-versatile (max_retries: 3)
2026-03-11 23:32:54,062 - resume_analyzer - INFO - Calling Groq API with model: llama-3.3-70b-versatile (max_retries: 3)
2026-03-11 23:32:59,134 - resume_analyzer - INFO - Calling Groq API with model: llama-3.1-8b-instant (max_retries: 3)
2026-03-11 23:33:00,873 - resume_analyzer - ERROR - Failed to extract resume data: Expecting ',' delimiter: line 88 column 6 (char 4322)
2026-03-11 23:33:00,874 - resume_analyzer - INFO - Calling Groq API with model: llama-3.3-70b-versatile (max_retries: 3)
2026-03-11 23:33:03,657 - resume_analyzer - INFO - Calling Groq API with model: llama-3.3-70b-versatile (max_retries: 3)
2026-03-11 23:40:35,513 - resume_analyzer - INFO - Calling Groq API with model: llama-3.1-8b-instant (max_retries: 3)
2026-03-11 23:40:37,329 - resume_analyzer - INFO - Calling Groq API with model: llama-3.1-8b-instant (max_retries: 3)
2026-03-11 23:40:49,700 - resume_analyzer - INFO - Calling Groq API with model: llama-3.3-70b-versatile (max_retries: 3)
2026-03-11 23:40:52,844 - resume_analyzer - INFO - Calling Groq API with model: llama-3.3-70b-versatile (max_retries: 3)
2026-03-11 23:40:57,924 - resume_analyzer - INFO - Calling Groq API with model: llama-3.1-8b-instant (max_retries: 3)
2026-03-11 23:40:59,800 - resume_analyzer - ERROR - Failed to extract resume data: Expecting ',' delimiter: line 88 column 10 (char 4358)
2026-03-11 23:40:59,801 - resume_analyzer - INFO - Calling Groq API with model: llama-3.3-70b-versatile (max_retries: 3)
2026-03-11 23:41:02,283 - resume_analyzer - INFO - Calling Groq API with model: llama-3.3-70b-versatile (max_retries: 3)
2026-03-11 23:43:51,885 - resume_analyzer - INFO - Calling Groq API with model: llama-3.1-8b-instant (max_retries: 3)
2026-03-11 23:43:53,677 - resume_analyzer - INFO - Calling Groq API with model: llama-3.1-8b-instant (max_retries: 3)
2026-03-11 23:44:06,534 - resume_analyzer - INFO - Calling Groq API with model: llama-3.3-70b-versatile (max_retries: 3)
2026-03-11 23:44:09,525 - resume_analyzer - INFO - Calling Groq API with model: llama-3.3-70b-versatile (max_retries: 3)
2026-03-11 23:44:14,490 - resume_analyzer - INFO - Calling Groq API with model: llama-3.1-8b-instant (max_retries: 3)
2026-03-11 23:44:16,556 - resume_analyzer - ERROR - Failed to extract resume data: Expecting ',' delimiter: line 88 column 10 (char 4332)
2026-03-11 23:44:16,557 - resume_analyzer - INFO - Calling Groq API with model: llama-3.3-70b-versatile (max_retries: 3)
2026-03-11 23:44:18,929 - resume_analyzer - INFO - Calling Groq API with model: llama-3.3-70b-versatile (max_retries: 3)
2026-03-11 23:47:55,869 - resume_analyzer - INFO - Calling Groq API with model: llama-3.1-8b-instant (max_retries: 3)
2026-03-11 23:47:58,166 - resume_analyzer - INFO - Calling Groq API with model: llama-3.1-8b-instant (max_retries: 3)
2026-03-11 23:48:15,526 - resume_analyzer - INFO - Calling Groq API with model: llama-3.3-70b-versatile (max_retries: 3)
2026-03-11 23:48:18,510 - resume_analyzer - INFO - Calling Groq API with model: llama-3.3-70b-versatile (max_retries: 3)
2026-03-11 23:48:23,640 - resume_analyzer - INFO - Calling Groq API with model: llama-3.1-8b-instant (max_retries: 3)
2026-03-11 23:48:25,557 - resume_analyzer - ERROR - Failed to extract resume data: Expecting ',' delimiter: line 88 column 10 (char 4358)
2026-03-11 23:48:25,558 - resume_analyzer - INFO - Calling Groq API with model: llama-3.3-70b-versatile (max_retries: 3)
2026-03-11 23:48:27,921 - resume_analyzer - INFO - Calling Groq API with model: llama-3.3-70b-versatile (max_retries: 3)
2026-03-11 23:59:26,901 - resume_analyzer - INFO - Calling Groq API with model: llama-3.1-8b-instant (max_retries: 3)
2026-03-11 23:59:28,963 - resume_analyzer - INFO - Calling Groq API with model: llama-3.1-8b-instant (max_retries: 3)
2026-03-11 23:59:42,337 - resume_analyzer - INFO - Calling Groq API with model: llama-3.3-70b-versatile (max_retries: 3)
2026-03-11 23:59:45,824 - resume_analyzer - INFO - Calling Groq API with model: llama-3.3-70b-versatile (max_retries: 3)
2026-03-11 23:59:53,621 - resume_analyzer - INFO - Calling Groq API with model: llama-3.1-8b-instant (max_retries: 3)
2026-03-11 23:59:55,629 - resume_analyzer - ERROR - Failed to extract resume data: Expecting ',' delimiter: line 88 column 10 (char 4358)
2026-03-11 23:59:55,630 - resume_analyzer - INFO - Calling Groq API with model: llama-3.3-70b-versatile (max_retries: 3)
2026-03-11 23:59:57,909 - resume_analyzer - INFO - Calling Groq API with model: llama-3.3-70b-versatile (max_retries: 3)
2026-03-11 23:59:58,030 - resume_analyzer - WARNING - Groq rate limit (429), retrying in 2s (Attempt 1/3)...
2026-03-12 00:00:00,114 - resume_analyzer - WARNING - Groq rate limit (429), retrying in 4s (Attempt 2/3)...
2026-03-12 00:00:04,188 - resume_analyzer - WARNING - Groq rate limit (429), retrying in 8s (Attempt 3/3)...
2026-03-12 00:05:49,508 - resume_analyzer - INFO - Calling Groq API with model: llama-3.1-8b-instant (max_retries: 3)
2026-03-12 00:05:51,517 - resume_analyzer - INFO - Calling Groq API with model: llama-3.1-8b-instant (max_retries: 3)
2026-03-12 00:06:03,560 - resume_analyzer - INFO - Calling Groq API with model: llama-3.3-70b-versatile (max_retries: 3)
2026-03-12 00:06:03,700 - resume_analyzer - WARNING - Groq rate limit (429), retrying in 2s (Attempt 1/3)...
2026-03-12 00:06:05,785 - resume_analyzer - WARNING - Groq rate limit (429), retrying in 4s (Attempt 2/3)...
2026-03-12 00:06:09,878 - resume_analyzer - WARNING - Groq rate limit (429), retrying in 8s (Attempt 3/3)...
2026-03-12 00:06:17,889 - resume_analyzer - INFO - Calling Groq API with model: llama-3.3-70b-versatile (max_retries: 3)
2026-03-12 00:06:24,152 - resume_analyzer - INFO - Calling Groq API with model: llama-3.1-8b-instant (max_retries: 3)
2026-03-12 00:06:26,006 - resume_analyzer - ERROR - Failed to extract resume data: Expecting ',' delimiter: line 88 column 10 (char 4358)
2026-03-12 00:06:26,007 - resume_analyzer - INFO - Calling Groq API with model: llama-3.3-70b-versatile (max_retries: 3)
2026-03-12 00:06:26,152 - resume_analyzer - WARNING - Groq rate limit (429), retrying in 2s (Attempt 1/3)...
2026-03-12 00:06:28,245 - resume_analyzer - WARNING - Groq rate limit (429), retrying in 4s (Attempt 2/3)...
2026-03-12 00:06:32,326 - resume_analyzer - WARNING - Groq rate limit (429), retrying in 8s (Attempt 3/3)...
2026-03-12 00:06:40,335 - resume_analyzer - INFO - Calling Groq API with model: llama-3.3-70b-versatile (max_retries: 3)
2026-03-12 00:10:15,738 - resume_analyzer - INFO - Calling Groq API with model: llama-3.1-8b-instant (max_retries: 3)
2026-03-12 00:10:17,694 - resume_analyzer - INFO - Calling Groq API with model: llama-3.1-8b-instant (max_retries: 3)
2026-03-12 00:10:31,159 - resume_analyzer - INFO - Calling Groq API with model: llama-3.3-70b-versatile (max_retries: 3)
2026-03-12 00:10:34,592 - resume_analyzer - INFO - Calling Groq API with model: llama-3.3-70b-versatile (max_retries: 3)
2026-03-12 00:10:40,665 - resume_analyzer - INFO - Calling Groq API with model: llama-3.1-8b-instant (max_retries: 3)
2026-03-12 00:10:42,804 - resume_analyzer - ERROR - Failed to extract resume data: Expecting ',' delimiter: line 88 column 10 (char 4358)
2026-03-12 00:10:42,805 - resume_analyzer - INFO - Calling Groq API with model: llama-3.3-70b-versatile (max_retries: 3)
2026-03-12 00:10:45,512 - resume_analyzer - INFO - Calling Groq API with model: llama-3.3-70b-versatile (max_retries: 3)
2026-03-12 00:17:54,549 - resume_analyzer - INFO - Calling Groq API with model: llama-3.1-8b-instant (max_retries: 3)
2026-03-12 00:17:56,353 - resume_analyzer - INFO - Calling Groq API with model: llama-3.1-8b-instant (max_retries: 3)
2026-03-12 00:18:07,386 - resume_analyzer - INFO - Calling Groq API with model: llama-3.3-70b-versatile (max_retries: 3)
2026-03-12 00:18:11,026 - resume_analyzer - INFO - Calling Groq API with model: llama-3.3-70b-versatile (max_retries: 3)
2026-03-12 00:18:11,186 - resume_analyzer - WARNING - Groq rate limit (429), retrying in 2s (Attempt 1/3)...
2026-03-12 00:18:13,259 - resume_analyzer - WARNING - Groq rate limit (429), retrying in 4s (Attempt 2/3)...
2026-03-12 00:18:17,342 - resume_analyzer - WARNING - Groq rate limit (429), retrying in 8s (Attempt 3/3)...
2026-03-12 00:18:25,371 - resume_analyzer - INFO - Calling Groq API with model: llama-3.1-8b-instant (max_retries: 3)
2026-03-12 00:18:27,376 - resume_analyzer - ERROR - Failed to extract resume data: Expecting ',' delimiter: line 88 column 6 (char 4327)
2026-03-12 00:18:27,376 - resume_analyzer - INFO - Calling Groq API with model: llama-3.3-70b-versatile (max_retries: 3)
2026-03-12 00:18:29,639 - resume_analyzer - INFO - Calling Groq API with model: llama-3.3-70b-versatile (max_retries: 3)
2026-03-12 00:24:44,582 - resume_analyzer - INFO - Calling Groq API with model: llama-3.1-8b-instant (max_retries: 3)
2026-03-12 00:24:46,361 - resume_analyzer - INFO - Calling Groq API with model: llama-3.1-8b-instant (max_retries: 3)
2026-03-12 00:25:10,549 - resume_analyzer - INFO - Calling Groq API with model: llama-3.3-70b-versatile (max_retries: 3)
2026-03-12 00:25:10,686 - resume_analyzer - WARNING - Groq rate limit (429), retrying in 2s (Attempt 1/3)...
2026-03-12 00:25:12,770 - resume_analyzer - WARNING - Groq rate limit (429), retrying in 4s (Attempt 2/3)...
2026-03-12 00:25:16,859 - resume_analyzer - WARNING - Groq rate limit (429), retrying in 8s (Attempt 3/3)...
2026-03-12 00:25:24,872 - resume_analyzer - INFO - Calling Groq API with model: llama-3.3-70b-versatile (max_retries: 3)
2026-03-12 00:25:29,831 - resume_analyzer - INFO - Calling Groq API with model: llama-3.1-8b-instant (max_retries: 3)
2026-03-12 00:25:31,813 - resume_analyzer - ERROR - Failed to extract resume data: Expecting ',' delimiter: line 88 column 10 (char 4318)
2026-03-12 00:25:31,814 - resume_analyzer - INFO - Calling Groq API with model: llama-3.3-70b-versatile (max_retries: 3)
2026-03-12 00:25:31,928 - resume_analyzer - WARNING - Groq rate limit (429), retrying in 2s (Attempt 1/3)...
2026-03-12 00:25:34,084 - resume_analyzer - WARNING - Groq rate limit (429), retrying in 4s (Attempt 2/3)...
2026-03-12 00:25:38,174 - resume_analyzer - WARNING - Groq rate limit (429), retrying in 8s (Attempt 3/3)...
2026-03-12 00:25:46,184 - resume_analyzer - INFO - Calling Groq API with model: llama-3.3-70b-versatile (max_retries: 3)
2026-03-12 09:34:40,175 - resume_analyzer - INFO - Calling Groq API with model: llama-3.1-8b-instant (max_retries: 3)
2026-03-12 09:34:42,184 - resume_analyzer - INFO - Calling Groq API with model: llama-3.1-8b-instant (max_retries: 3)
2026-03-12 09:34:56,467 - resume_analyzer - INFO - Calling Groq API with model: llama-3.3-70b-versatile (max_retries: 3)
2026-03-12 09:35:00,216 - resume_analyzer - INFO - Calling Groq API with model: llama-3.3-70b-versatile (max_retries: 3)
2026-03-12 09:35:04,838 - resume_analyzer - INFO - Calling Groq API with model: llama-3.1-8b-instant (max_retries: 3)
2026-03-12 09:35:06,994 - resume_analyzer - ERROR - Failed to extract resume data: Expecting ',' delimiter: line 88 column 10 (char 4332)
2026-03-12 09:35:06,995 - resume_analyzer - INFO - Calling Groq API with model: llama-3.3-70b-versatile (max_retries: 3)
2026-03-12 09:35:09,695 - resume_analyzer - INFO - Calling Groq API with model: llama-3.3-70b-versatile (max_retries: 3)
2026-03-12 09:50:26,873 - resume_analyzer - INFO - Calling Groq API with model: llama-3.1-8b-instant (max_retries: 3)
2026-03-12 09:50:28,991 - resume_analyzer - INFO - Calling Groq API with model: llama-3.1-8b-instant (max_retries: 3)
2026-03-12 09:50:45,008 - resume_analyzer - INFO - Calling Groq API with model: llama-3.3-70b-versatile (max_retries: 3)
2026-03-12 09:50:48,439 - resume_analyzer - INFO - Calling Groq API with model: llama-3.3-70b-versatile (max_retries: 3)
2026-03-12 09:50:54,647 - resume_analyzer - INFO - Calling Groq API with model: llama-3.1-8b-instant (max_retries: 3)
2026-03-12 09:50:56,673 - resume_analyzer - ERROR - Failed to extract resume data: Expecting ',' delimiter: line 88 column 10 (char 4358)
2026-03-12 09:50:56,674 - resume_analyzer - INFO - Calling Groq API with model: llama-3.3-70b-versatile (max_retries: 3)
2026-03-12 09:50:59,698 - resume_analyzer - INFO - Calling Groq API with model: llama-3.3-70b-versatile (max_retries: 3)
2026-03-12 11:07:22,439 - resume_analyzer - INFO - Calling Groq API with model: llama-3.1-8b-instant (max_retries: 3)
2026-03-12 11:07:24,453 - resume_analyzer - INFO - Calling Groq API with model: llama-3.1-8b-instant (max_retries: 3)
2026-03-12 11:07:38,725 - resume_analyzer - INFO - Calling Groq API with model: llama-3.3-70b-versatile (max_retries: 3)
2026-03-12 11:07:43,177 - resume_analyzer - INFO - Calling Groq API with model: llama-3.3-70b-versatile (max_retries: 3)
2026-03-12 11:07:50,129 - resume_analyzer - INFO - Calling Groq API with model: llama-3.1-8b-instant (max_retries: 3)
2026-03-12 11:07:52,657 - resume_analyzer - ERROR - Failed to extract resume data: Expecting ',' delimiter: line 88 column 10 (char 4365)
2026-03-12 11:07:52,660 - resume_analyzer - INFO - Calling Groq API with model: llama-3.3-70b-versatile (max_retries: 3)
2026-03-12 11:07:55,154 - resume_analyzer - INFO - Calling Groq API with model: llama-3.3-70b-versatile (max_retries: 3)
2026-03-12 14:20:54,838 - resume_analyzer - INFO - Calling Groq API with model: llama-3.1-8b-instant (max_retries: 3)
2026-03-12 14:20:56,936 - resume_analyzer - INFO - Calling Groq API with model: llama-3.1-8b-instant (max_retries: 3)
2026-03-12 14:21:11,397 - resume_analyzer - INFO - Calling Groq API with model: llama-3.3-70b-versatile (max_retries: 3)
2026-03-12 14:21:14,959 - resume_analyzer - INFO - Calling Groq API with model: llama-3.3-70b-versatile (max_retries: 3)
2026-03-12 14:21:20,519 - resume_analyzer - INFO - Calling Groq API with model: llama-3.1-8b-instant (max_retries: 3)
2026-03-12 14:21:22,401 - resume_analyzer - ERROR - Failed to extract resume data: Expecting ',' delimiter: line 88 column 6 (char 4320)
2026-03-12 14:21:22,401 - resume_analyzer - INFO - Calling Groq API with model: llama-3.3-70b-versatile (max_retries: 3)
2026-03-12 14:21:25,448 - resume_analyzer - INFO - Calling Groq API with model: llama-3.3-70b-versatile (max_retries: 3)
2026-03-12 15:12:29,206 - resume_analyzer - INFO - Calling Groq API with model: llama-3.1-8b-instant (max_retries: 3)
2026-03-12 15:12:30,956 - resume_analyzer - INFO - Calling Groq API with model: llama-3.1-8b-instant (max_retries: 3)
2026-03-12 15:12:42,340 - resume_analyzer - INFO - Calling Groq API with model: llama-3.3-70b-versatile (max_retries: 3)
2026-03-12 15:12:46,057 - resume_analyzer - INFO - Calling Groq API with model: llama-3.3-70b-versatile (max_retries: 3)
2026-03-12 15:12:52,640 - resume_analyzer - INFO - Calling Groq API with model: llama-3.1-8b-instant (max_retries: 3)
2026-03-12 15:12:54,524 - resume_analyzer - ERROR - Failed to extract resume data: Expecting ',' delimiter: line 88 column 10 (char 4363)
2026-03-12 15:12:54,525 - resume_analyzer - INFO - Calling Groq API with model: llama-3.3-70b-versatile (max_retries: 3)
2026-03-12 15:12:57,191 - resume_analyzer - INFO - Calling Groq API with model: llama-3.3-70b-versatile (max_retries: 3)
2026-03-12 15:24:14,373 - resume_analyzer - INFO - [GROQ CALL] json_mode=True model=llama-3.1-8b-instant prompt_has_json=True prompt_start='\nYou are an expert ATS (Applicant Tracking System) and resume analyst. Analyze t'
2026-03-12 15:24:14,374 - resume_analyzer - INFO - Calling Groq API with model: llama-3.1-8b-instant (max_retries: 3)
2026-03-12 15:24:16,298 - resume_analyzer - INFO - [GROQ CALL] json_mode=True model=llama-3.1-8b-instant prompt_has_json=True prompt_start='\nYou are an Elite Resume Architect and ATS Optimization Expert. Your goal is to '
2026-03-12 15:24:16,300 - resume_analyzer - INFO - Calling Groq API with model: llama-3.1-8b-instant (max_retries: 3)
2026-03-12 15:24:27,272 - document_generator - INFO - Stage 1: Deterministic resume parse
2026-03-12 15:24:27,285 - resume_analyzer - INFO - [GROQ CALL] json_mode=True model=llama-3.3-70b-versatile prompt_has_json=True prompt_start='\nSYSTEM:\nYou are a precision fact extractor. Output JSON ONLY. No prose.\n\nUSER:\n'
2026-03-12 15:24:27,286 - resume_analyzer - INFO - Calling Groq API with model: llama-3.3-70b-versatile (max_retries: 3)
2026-03-12 15:24:30,867 - document_generator - INFO - Stage 1 facts_json employers: ['Astra Corp | AI Engineer', 'Ai Talent Inc | AI Engineer', 'Precisesoft Inc | Data Analyst', 'Tech Mahindra | Associate Software Engineer']
2026-03-12 15:24:30,871 - document_generator - INFO - Stage 1 facts_json projects: ['Enterprise Patent & Research Assistant', 'Text-to-SQL Analytics Copilot', 'AI Job Application Copilot (Agentic RAG Workflow)']
2026-03-12 15:24:30,872 - document_generator - INFO - Stage 1 facts_json education: [{'degree': 'Master of Science', 'major': 'Management Information Systems', 'university': 'University of Illinois at Springfield', 'year': '2024'}, {'degree': 'Bachelor of Technology', 'major': 'Electronics & Communication Engineering', 'university': 'ACE Engineering College, Hyderabad', 'year': '2020'}]
2026-03-12 15:24:30,873 - document_generator - INFO - Stage 1 facts_json certifications: ['Microsoft Azure AZ-900 – Microsoft Azure Fundamentals', 'Robotic Enterprise Framework Overview – UiPath', 'Orchestrator for RPA Developers – UiPath', 'ARIS Business Process Analysis Platform']
2026-03-12 15:24:30,875 - document_generator - ERROR - RESUME_PROMPT_FIRST_500: CRITICAL INSTRUCTION: You are a JSON generation API. Your entire response must be a single valid JSON object. Do NOT write any introduction, explanation, analysis, advice, markdown, or prose. Do NOT say "Here's how to tailor" or "Step-by-step guide". Output ONLY the JSON object starting with { and ending with }. Any text outside the JSON will cause a system failure.

<output_schema>
{
  "think_phase_summary": "string",
  "jd_extraction": {},
  "tailored_resume": {
    "summary": ["string"],
    
2026-03-12 15:24:30,876 - document_generator - ERROR - RESUME_PROMPT_LAST_200: "self_check_passed": true
}

REMINDER: Output ONLY valid JSON. No explanation. No markdown. No prose. Start your response with { immediately.


Respond with a valid JSON object only. Begin with { now:
2026-03-12 15:24:30,878 - resume_analyzer - INFO - [GROQ CALL] json_mode=True model=llama-3.3-70b-versatile prompt_has_json=True prompt_start='CRITICAL INSTRUCTION: You are a JSON generation API. Your entire response must b'
2026-03-12 15:24:30,878 - resume_analyzer - INFO - Calling Groq API with model: llama-3.3-70b-versatile (max_retries: 3)
2026-03-12 15:24:37,801 - document_generator - ERROR - STAGE2_RESPONSE_FIRST_300: {
  "think_phase_summary": "The job description requires a Software Engineer III with experience in Java, Spring Boot, and AWS services, while the candidate's resume highlights expertise in AI, ML, and data engineering. To tailor the resume, we need to emphasize the candidate's relevant technical sk
2026-03-12 15:24:37,828 - document_generator - ERROR - Stage 2 Expert failed: 'ExperienceNew' object has no attribute 'job_title'
2026-03-12 15:24:37,839 - document_generator - INFO - Starting 3-stage tailoring pipeline for Company
2026-03-12 15:24:37,841 - resume_analyzer - INFO - [GROQ CALL] json_mode=True model=llama-3.1-8b-instant prompt_has_json=True prompt_start='\nExtract structured data from this resume text for a professional profile. Retur'
2026-03-12 15:24:37,841 - resume_analyzer - INFO - Calling Groq API with model: llama-3.1-8b-instant (max_retries: 3)
2026-03-12 15:24:39,878 - resume_analyzer - INFO - [GROQ CALL] json_mode=True model=llama-3.1-8b-instant prompt_has_json=True prompt_start='\nYou are a resume analyst. Output ONLY valid JSON. No explanation, no markdown, '
2026-03-12 15:24:39,881 - resume_analyzer - INFO - Calling Groq API with model: llama-3.1-8b-instant (max_retries: 3)
2026-03-12 15:24:41,197 - document_generator - INFO - Stage 1 Analysis complete for Company
2026-03-12 15:24:41,202 - resume_analyzer - INFO - [GROQ CALL] json_mode=True model=llama-3.1-8b-instant prompt_has_json=True prompt_start="\nYou are a professional resume writer. Rewrite ONE job role's bullets for a resu"
2026-03-12 15:24:41,202 - resume_analyzer - INFO - Calling Groq API with model: llama-3.1-8b-instant (max_retries: 3)
2026-03-12 15:24:41,599 - resume_analyzer - INFO - [GROQ CALL] json_mode=True model=llama-3.1-8b-instant prompt_has_json=True prompt_start="\nYou are a professional resume writer. Rewrite ONE job role's bullets for a resu"
2026-03-12 15:24:41,600 - resume_analyzer - INFO - Calling Groq API with model: llama-3.1-8b-instant (max_retries: 3)
2026-03-12 15:24:42,183 - resume_analyzer - INFO - [GROQ CALL] json_mode=True model=llama-3.1-8b-instant prompt_has_json=True prompt_start="\nYou are a professional resume writer. Rewrite ONE job role's bullets for a resu"
2026-03-12 15:24:42,187 - resume_analyzer - INFO - Calling Groq API with model: llama-3.1-8b-instant (max_retries: 3)
2026-03-12 15:24:42,620 - resume_analyzer - INFO - [GROQ CALL] json_mode=True model=llama-3.1-8b-instant prompt_has_json=True prompt_start="\nYou are a professional resume writer. Rewrite ONE job role's bullets for a resu"
2026-03-12 15:24:42,625 - resume_analyzer - INFO - Calling Groq API with model: llama-3.1-8b-instant (max_retries: 3)
2026-03-12 15:24:43,075 - document_generator - INFO - Stage 2 Rewriting complete for 4 roles
2026-03-12 15:24:43,080 - resume_analyzer - INFO - [GROQ CALL] json_mode=True model=llama-3.3-70b-versatile prompt_has_json=True prompt_start='\nYou are a professional resume writer. Respond ONLY with a JSON object. No prose'
2026-03-12 15:24:43,081 - resume_analyzer - INFO - Calling Groq API with model: llama-3.3-70b-versatile (max_retries: 3)
2026-03-12 15:24:45,278 - resume_analyzer - INFO - [GROQ CALL] json_mode=False model=default prompt_has_json=False prompt_start='\nWrite a professional, compelling cover letter for this job application.\n\nAPPLIC'
2026-03-12 15:24:45,282 - resume_analyzer - INFO - Calling Groq API with model: llama-3.3-70b-versatile (max_retries: 3)
2026-03-12 15:35:10,015 - resume_analyzer - INFO - [GROQ CALL] json_mode=True model=llama-3.1-8b-instant prompt_has_json=True prompt_start='\nYou are an expert ATS (Applicant Tracking System) and resume analyst. Analyze t'
2026-03-12 15:35:10,017 - resume_analyzer - INFO - Calling Groq API with model: llama-3.1-8b-instant (max_retries: 3)
2026-03-12 15:35:11,816 - resume_analyzer - INFO - [GROQ CALL] json_mode=True model=llama-3.1-8b-instant prompt_has_json=True prompt_start='\nYou are an Elite Resume Architect and ATS Optimization Expert. Your goal is to '
2026-03-12 15:35:11,818 - resume_analyzer - INFO - Calling Groq API with model: llama-3.1-8b-instant (max_retries: 3)
2026-03-12 15:35:22,462 - document_generator - INFO - Stage 1: Deterministic resume parse
2026-03-12 15:35:22,475 - resume_analyzer - INFO - [GROQ CALL] json_mode=True model=llama-3.3-70b-versatile prompt_has_json=True prompt_start='\nSYSTEM:\nYou are a precision fact extractor. Output JSON ONLY. No prose.\n\nUSER:\n'
2026-03-12 15:35:22,477 - resume_analyzer - INFO - Calling Groq API with model: llama-3.3-70b-versatile (max_retries: 3)
2026-03-12 15:35:26,148 - document_generator - INFO - Stage 1 facts_json employers: ['Astra Corp | AI Engineer', 'Ai Talent Inc | AI Engineer', 'Precisesoft Inc | Data Analyst', 'Tech Mahindra | Associate Software Engineer']
2026-03-12 15:35:26,150 - document_generator - INFO - Stage 1 facts_json projects: ['Enterprise Patent & Research Assistant', 'Text-to-SQL Analytics Copilot', 'AI Job Application Copilot (Agentic RAG Workflow)']
2026-03-12 15:35:26,152 - document_generator - INFO - Stage 1 facts_json education: [{'degree': 'Master of Science', 'major': 'Management Information Systems', 'university': 'University of Illinois at Springfield', 'year': '2024'}, {'degree': 'Bachelor of Technology', 'major': 'Electronics & Communication Engineering', 'university': 'ACE Engineering College, Hyderabad', 'year': '2020'}]
2026-03-12 15:35:26,153 - document_generator - INFO - Stage 1 facts_json certifications: ['Microsoft Azure AZ-900 – Microsoft Azure Fundamentals', 'Robotic Enterprise Framework Overview – UiPath', 'Orchestrator for RPA Developers – UiPath', 'ARIS Business Process Analysis Platform']
2026-03-12 15:37:04,582 - resume_analyzer - INFO - [GROQ CALL] json_mode=True model=llama-3.1-8b-instant prompt_has_json=True prompt_start='\nYou are an expert ATS (Applicant Tracking System) and resume analyst. Analyze t'
2026-03-12 15:37:04,584 - resume_analyzer - INFO - Calling Groq API with model: llama-3.1-8b-instant (max_retries: 3)
2026-03-12 15:37:06,321 - resume_analyzer - INFO - [GROQ CALL] json_mode=True model=llama-3.1-8b-instant prompt_has_json=True prompt_start='\nYou are an Elite Resume Architect and ATS Optimization Expert. Your goal is to '
2026-03-12 15:37:06,324 - resume_analyzer - INFO - Calling Groq API with model: llama-3.1-8b-instant (max_retries: 3)
2026-03-12 15:37:19,351 - document_generator - INFO - Stage 1: Deterministic resume parse
2026-03-12 15:37:19,361 - resume_analyzer - INFO - [GROQ CALL] json_mode=True model=llama-3.3-70b-versatile prompt_has_json=True prompt_start='\nSYSTEM:\nYou are a precision fact extractor. Output JSON ONLY. No prose.\n\nUSER:\n'
2026-03-12 15:37:19,362 - resume_analyzer - INFO - Calling Groq API with model: llama-3.3-70b-versatile (max_retries: 3)
2026-03-12 15:37:23,262 - document_generator - INFO - Stage 1 facts_json employers: ['Astra Corp | AI Engineer', 'Ai Talent Inc | AI Engineer', 'Precisesoft Inc | Data Analyst', 'Tech Mahindra | Associate Software Engineer']
2026-03-12 15:37:23,267 - document_generator - INFO - Stage 1 facts_json projects: ['Enterprise Patent & Research Assistant', 'Text-to-SQL Analytics Copilot', 'AI Job Application Copilot (Agentic RAG Workflow)']
2026-03-12 15:37:23,268 - document_generator - INFO - Stage 1 facts_json education: [{'degree': 'Master of Science', 'major': 'Management Information Systems', 'university': 'University of Illinois at Springfield', 'year': '2024'}, {'degree': 'Bachelor of Technology', 'major': 'Electronics & Communication Engineering', 'university': 'ACE Engineering College, Hyderabad', 'year': '2020'}]
2026-03-12 15:37:23,268 - document_generator - INFO - Stage 1 facts_json certifications: ['Microsoft Azure AZ-900 – Microsoft Azure Fundamentals', 'Robotic Enterprise Framework Overview – UiPath', 'Orchestrator for RPA Developers – UiPath', 'ARIS Business Process Analysis Platform']
2026-03-12 15:37:23,270 - document_generator - ERROR - RESUME_PROMPT_FIRST_500: You are a JSON API. Output only a JSON object. No prose. No advice. No markdown. Start with {

TARGET JOB:
Overview
Please note that visa sponsorship is unavailable for this position
Fanatics Betting & Gaming (FBG) is on a mission to create the best online sportsbook in the industry, and we’re looking for an experienced
Software Engineer III, Back End (Java)
to help us get there.

As a Software Engineer III, you will play a key role in designing, developing, and optimizing the
backend sys
2026-03-12 15:37:23,271 - document_generator - ERROR - RESUME_PROMPT_LAST_200: ne. Specific to this JD and company.",
  "changes": [],
  "skills_added": ["Java", "Spring Boot", "Distributed caching"],
  "self_check_passed": true
}

Respond with valid JSON only. Begin with { now:
2026-03-12 15:37:23,273 - resume_analyzer - INFO - [GROQ CALL] json_mode=True model=llama-3.3-70b-versatile prompt_has_json=True prompt_start='You are a JSON API. Output only a JSON object. No prose. No advice. No markdown.'
2026-03-12 15:37:23,274 - resume_analyzer - INFO - Calling Groq API with model: llama-3.3-70b-versatile (max_retries: 3)
2026-03-12 15:37:27,145 - document_generator - ERROR - STAGE2_RESPONSE_FIRST_300: {
  "think_phase_summary": "With 2 years of experience in software development and expertise in Java and FastAPI, I am confident in my ability to contribute to the backend systems of Fanatics Betting and Gaming.",
   "jd_extraction": {
       "job_title": "Software Engineer III, Back End (Java)",
  
2026-03-12 15:37:27,159 - document_generator - ERROR - Stage 2 Expert failed: 'ExperienceNew' object has no attribute 'job_title'
2026-03-12 15:37:27,169 - document_generator - INFO - Starting 3-stage tailoring pipeline for Company
2026-03-12 15:37:27,170 - resume_analyzer - INFO - [GROQ CALL] json_mode=True model=llama-3.1-8b-instant prompt_has_json=True prompt_start='\nExtract structured data from this resume text for a professional profile. Retur'
2026-03-12 15:37:27,171 - resume_analyzer - INFO - Calling Groq API with model: llama-3.1-8b-instant (max_retries: 3)
2026-03-12 15:37:29,528 - resume_analyzer - INFO - [GROQ CALL] json_mode=True model=llama-3.1-8b-instant prompt_has_json=True prompt_start='\nYou are a resume analyst. Output ONLY valid JSON. No explanation, no markdown, '
2026-03-12 15:37:29,532 - resume_analyzer - INFO - Calling Groq API with model: llama-3.1-8b-instant (max_retries: 3)
2026-03-12 15:37:31,049 - document_generator - INFO - Stage 1 Analysis complete for Company
2026-03-12 15:37:31,051 - resume_analyzer - INFO - [GROQ CALL] json_mode=True model=llama-3.1-8b-instant prompt_has_json=True prompt_start="\nYou are a professional resume writer. Rewrite ONE job role's bullets for a resu"
2026-03-12 15:37:31,052 - resume_analyzer - INFO - Calling Groq API with model: llama-3.1-8b-instant (max_retries: 3)
2026-03-12 15:37:31,761 - resume_analyzer - INFO - [GROQ CALL] json_mode=True model=llama-3.1-8b-instant prompt_has_json=True prompt_start="\nYou are a professional resume writer. Rewrite ONE job role's bullets for a resu"
2026-03-12 15:37:31,763 - resume_analyzer - INFO - Calling Groq API with model: llama-3.1-8b-instant (max_retries: 3)
2026-03-12 15:37:32,380 - resume_analyzer - INFO - [GROQ CALL] json_mode=True model=llama-3.1-8b-instant prompt_has_json=True prompt_start="\nYou are a professional resume writer. Rewrite ONE job role's bullets for a resu"
2026-03-12 15:37:32,382 - resume_analyzer - INFO - Calling Groq API with model: llama-3.1-8b-instant (max_retries: 3)
2026-03-12 15:37:32,785 - resume_analyzer - INFO - [GROQ CALL] json_mode=True model=llama-3.1-8b-instant prompt_has_json=True prompt_start="\nYou are a professional resume writer. Rewrite ONE job role's bullets for a resu"
2026-03-12 15:37:32,786 - resume_analyzer - INFO - Calling Groq API with model: llama-3.1-8b-instant (max_retries: 3)
2026-03-12 15:37:33,378 - document_generator - INFO - Stage 2 Rewriting complete for 4 roles
2026-03-12 15:37:33,380 - resume_analyzer - INFO - [GROQ CALL] json_mode=True model=llama-3.3-70b-versatile prompt_has_json=True prompt_start='\nYou are a professional resume writer. Respond ONLY with a JSON object. No prose'
2026-03-12 15:37:33,381 - resume_analyzer - INFO - Calling Groq API with model: llama-3.3-70b-versatile (max_retries: 3)
2026-03-12 15:37:35,504 - resume_analyzer - INFO - [GROQ CALL] json_mode=False model=default prompt_has_json=False prompt_start='\nWrite a professional, compelling cover letter for this job application.\n\nAPPLIC'
2026-03-12 15:37:35,508 - resume_analyzer - INFO - Calling Groq API with model: llama-3.3-70b-versatile (max_retries: 3)
2026-03-12 15:50:07,869 - resume_analyzer - INFO - [GROQ CALL] json_mode=True model=llama-3.1-8b-instant prompt_has_json=True prompt_start='\nYou are an expert ATS (Applicant Tracking System) and resume analyst. Analyze t'
2026-03-12 15:50:07,870 - resume_analyzer - INFO - Calling Groq API with model: llama-3.1-8b-instant (max_retries: 3)
2026-03-12 15:50:09,968 - resume_analyzer - INFO - [GROQ CALL] json_mode=True model=llama-3.1-8b-instant prompt_has_json=True prompt_start='\nYou are an Elite Resume Architect and ATS Optimization Expert. Your goal is to '
2026-03-12 15:50:09,969 - resume_analyzer - INFO - Calling Groq API with model: llama-3.1-8b-instant (max_retries: 3)
2026-03-12 15:51:17,301 - document_generator - INFO - Stage 1: Deterministic resume parse
2026-03-12 15:51:17,307 - resume_analyzer - INFO - [GROQ CALL] json_mode=True model=llama-3.3-70b-versatile prompt_has_json=True prompt_start='\nSYSTEM:\nYou are a precision fact extractor. Output JSON ONLY. No prose.\n\nUSER:\n'
2026-03-12 15:51:17,307 - resume_analyzer - INFO - Calling Groq API with model: llama-3.3-70b-versatile (max_retries: 3)
2026-03-12 15:51:21,190 - document_generator - INFO - Stage 1 facts_json employers: ['Astra Corp | AI Engineer', 'Ai Talent Inc | AI Engineer', 'Precisesoft Inc | Data Analyst', 'Tech Mahindra | Associate Software Engineer']
2026-03-12 15:51:21,191 - document_generator - INFO - Stage 1 facts_json projects: ['Enterprise Patent & Research Assistant', 'Text-to-SQL Analytics Copilot', 'AI Job Application Copilot (Agentic RAG Workflow)']
2026-03-12 15:51:21,191 - document_generator - INFO - Stage 1 facts_json education: [{'degree': 'Master of Science', 'major': 'Management Information Systems', 'university': 'University of Illinois at Springfield', 'year': '2024'}, {'degree': 'Bachelor of Technology', 'major': 'Electronics & Communication Engineering', 'university': 'ACE Engineering College, Hyderabad', 'year': '2020'}]
2026-03-12 15:51:21,191 - document_generator - INFO - Stage 1 facts_json certifications: ['Microsoft Azure AZ-900 – Microsoft Azure Fundamentals', 'Robotic Enterprise Framework Overview – UiPath', 'Orchestrator for RPA Developers – UiPath', 'ARIS Business Process Analysis Platform']
2026-03-12 15:51:21,193 - document_generator - ERROR - RESUME_PROMPT_FIRST_500: You are a JSON API. Output only a JSON object. No prose. No advice. No markdown. Start with {

TARGET JOB:
Overview
Please note that visa sponsorship is unavailable for this position
Fanatics Betting & Gaming (FBG) is on a mission to create the best online sportsbook in the industry, and we’re looking for an experienced
Software Engineer III, Back End (Java)
to help us get there.

As a Software Engineer III, you will play a key role in designing, developing, and optimizing the
backend sys
2026-03-12 15:51:21,194 - document_generator - ERROR - RESUME_PROMPT_LAST_200: 
  "changes": [],
  "skills_added": ["Message-oriented middleware", "Spring Boot", "Java", "JPA", "Distributed caching"],
  "self_check_passed": true
}

Respond with valid JSON only. Begin with { now:
2026-03-12 15:51:21,194 - resume_analyzer - INFO - [GROQ CALL] json_mode=True model=llama-3.3-70b-versatile prompt_has_json=True prompt_start='You are a JSON API. Output only a JSON object. No prose. No advice. No markdown.'
2026-03-12 15:51:21,194 - resume_analyzer - INFO - Calling Groq API with model: llama-3.3-70b-versatile (max_retries: 3)
2026-03-12 15:51:25,247 - document_generator - ERROR - STAGE2_RESPONSE_FIRST_300: {
  "think_phase_summary": "With 6 years of experience in software development, I possess skills in Java and FastAPI, which are relevant to the Software Engineer III, Back End (Java) role.",
   "jd_extraction": {
       "job_title": "Software Engineer III, Back End (Java)",
       "top_5_keywords": 
2026-03-12 15:51:25,261 - document_generator - ERROR - Stage 2 Expert failed: 'ExperienceNew' object has no attribute 'job_title'
2026-03-12 15:51:25,272 - document_generator - INFO - Starting 3-stage tailoring pipeline for Company
2026-03-12 15:51:25,273 - resume_analyzer - INFO - [GROQ CALL] json_mode=True model=llama-3.1-8b-instant prompt_has_json=True prompt_start='\nExtract structured data from this resume text for a professional profile. Retur'
2026-03-12 15:51:25,273 - resume_analyzer - INFO - Calling Groq API with model: llama-3.1-8b-instant (max_retries: 3)
2026-03-12 15:51:27,311 - resume_analyzer - INFO - [GROQ CALL] json_mode=True model=llama-3.1-8b-instant prompt_has_json=True prompt_start='\nYou are a resume analyst. Output ONLY valid JSON. No explanation, no markdown, '
2026-03-12 15:51:27,311 - resume_analyzer - INFO - Calling Groq API with model: llama-3.1-8b-instant (max_retries: 3)
2026-03-12 15:51:28,641 - document_generator - INFO - Stage 1 Analysis complete for Company
2026-03-12 15:51:28,643 - resume_analyzer - INFO - [GROQ CALL] json_mode=True model=llama-3.1-8b-instant prompt_has_json=True prompt_start="\nYou are a professional resume writer. Rewrite ONE job role's bullets for a resu"
2026-03-12 15:51:28,644 - resume_analyzer - INFO - Calling Groq API with model: llama-3.1-8b-instant (max_retries: 3)
2026-03-12 15:51:29,299 - resume_analyzer - INFO - [GROQ CALL] json_mode=True model=llama-3.1-8b-instant prompt_has_json=True prompt_start="\nYou are a professional resume writer. Rewrite ONE job role's bullets for a resu"
2026-03-12 15:51:29,300 - resume_analyzer - INFO - Calling Groq API with model: llama-3.1-8b-instant (max_retries: 3)
2026-03-12 15:51:29,684 - resume_analyzer - INFO - [GROQ CALL] json_mode=True model=llama-3.1-8b-instant prompt_has_json=True prompt_start="\nYou are a professional resume writer. Rewrite ONE job role's bullets for a resu"
2026-03-12 15:51:29,685 - resume_analyzer - INFO - Calling Groq API with model: llama-3.1-8b-instant (max_retries: 3)
2026-03-12 15:51:30,099 - resume_analyzer - INFO - [GROQ CALL] json_mode=True model=llama-3.1-8b-instant prompt_has_json=True prompt_start="\nYou are a professional resume writer. Rewrite ONE job role's bullets for a resu"
2026-03-12 15:51:30,100 - resume_analyzer - INFO - Calling Groq API with model: llama-3.1-8b-instant (max_retries: 3)
2026-03-12 15:51:30,554 - document_generator - INFO - Stage 2 Rewriting complete for 4 roles
2026-03-12 15:51:30,554 - resume_analyzer - INFO - [GROQ CALL] json_mode=True model=llama-3.3-70b-versatile prompt_has_json=True prompt_start='\nYou are a professional resume writer. Respond ONLY with a JSON object. No prose'
2026-03-12 15:51:30,556 - resume_analyzer - INFO - Calling Groq API with model: llama-3.3-70b-versatile (max_retries: 3)
2026-03-12 15:51:32,720 - resume_analyzer - INFO - [GROQ CALL] json_mode=False model=default prompt_has_json=False prompt_start='\nWrite a professional, compelling cover letter for this job application.\n\nAPPLIC'
2026-03-12 15:51:32,720 - resume_analyzer - INFO - Calling Groq API with model: llama-3.3-70b-versatile (max_retries: 3)
2026-03-12 16:21:00,945 - resume_analyzer - INFO - [GROQ CALL] json_mode=True model=llama-3.1-8b-instant prompt_has_json=True prompt_start='\nYou are an expert ATS (Applicant Tracking System) and resume analyst. Analyze t'
2026-03-12 16:21:00,946 - resume_analyzer - INFO - Calling Groq API with model: llama-3.1-8b-instant (max_retries: 3)
2026-03-12 16:21:02,935 - resume_analyzer - INFO - [GROQ CALL] json_mode=True model=llama-3.1-8b-instant prompt_has_json=True prompt_start='\nYou are an Elite Resume Architect and ATS Optimization Expert. Your goal is to '
2026-03-12 16:21:02,936 - resume_analyzer - INFO - Calling Groq API with model: llama-3.1-8b-instant (max_retries: 3)
2026-03-12 16:21:15,811 - document_generator - INFO - Stage 1: Deterministic resume parse
2026-03-12 16:21:15,820 - resume_analyzer - INFO - [GROQ CALL] json_mode=True model=llama-3.3-70b-versatile prompt_has_json=True prompt_start='\nSYSTEM:\nYou are a precision fact extractor. Output JSON ONLY. No prose.\n\nUSER:\n'
2026-03-12 16:21:15,822 - resume_analyzer - INFO - Calling Groq API with model: llama-3.3-70b-versatile (max_retries: 3)
2026-03-12 16:21:19,294 - document_generator - INFO - Stage 1 facts_json employers: ['Astra Corp | AI Engineer', 'Ai Talent Inc | AI Engineer', 'Precisesoft Inc | Data Analyst', 'Tech Mahindra | Associate Software Engineer']
2026-03-12 16:21:19,295 - document_generator - INFO - Stage 1 facts_json projects: ['Enterprise Patent & Research Assistant', 'Text-to-SQL Analytics Copilot', 'AI Job Application Copilot (Agentic RAG Workflow)']
2026-03-12 16:21:19,295 - document_generator - INFO - Stage 1 facts_json education: [{'degree': 'Master of Science', 'major': 'Management Information Systems', 'university': 'University of Illinois at Springfield', 'year': '2024'}, {'degree': 'Bachelor of Technology', 'major': 'Electronics & Communication Engineering', 'university': 'ACE Engineering College, Hyderabad', 'year': '2020'}]
2026-03-12 16:21:19,296 - document_generator - INFO - Stage 1 facts_json certifications: ['Microsoft Azure AZ-900 – Microsoft Azure Fundamentals', 'Robotic Enterprise Framework Overview – UiPath', 'Orchestrator for RPA Developers – UiPath', 'ARIS Business Process Analysis Platform']
2026-03-13 07:15:21,887 - resume_analyzer - INFO - [GROQ CALL] json_mode=True model=llama-3.1-8b-instant prompt_has_json=True prompt_start='\nYou are an expert ATS (Applicant Tracking System) and resume analyst. Analyze t'
2026-03-13 07:15:21,889 - resume_analyzer - INFO - Calling Groq API with model: llama-3.1-8b-instant (max_retries: 3)
2026-03-13 07:15:23,668 - resume_analyzer - INFO - [GROQ CALL] json_mode=True model=llama-3.1-8b-instant prompt_has_json=True prompt_start='\nYou are an Elite Resume Architect and ATS Optimization Expert. Your goal is to '
2026-03-13 07:15:23,669 - resume_analyzer - INFO - Calling Groq API with model: llama-3.1-8b-instant (max_retries: 3)
2026-03-13 07:15:38,270 - document_generator - INFO - Stage 1: Deterministic resume parse
2026-03-13 07:15:38,284 - resume_analyzer - INFO - [GROQ CALL] json_mode=True model=llama-3.3-70b-versatile prompt_has_json=True prompt_start='\nSYSTEM:\nYou are a precision fact extractor. Output JSON ONLY. No prose.\n\nUSER:\n'
2026-03-13 07:15:38,285 - resume_analyzer - INFO - Calling Groq API with model: llama-3.3-70b-versatile (max_retries: 3)
2026-03-13 07:15:42,211 - document_generator - INFO - Stage 1 facts_json employers: ['Astra Corp | AI Engineer', 'Ai Talent Inc | AI Engineer', 'Precisesoft Inc | Data Analyst', 'Tech Mahindra | Associate Software Engineer']
2026-03-13 07:15:42,213 - document_generator - INFO - Stage 1 facts_json projects: ['Enterprise Patent & Research Assistant', 'Text-to-SQL Analytics Copilot', 'AI Job Application Copilot (Agentic RAG Workflow)']
2026-03-13 07:15:42,213 - document_generator - INFO - Stage 1 facts_json education: [{'degree': 'Master of Science', 'major': 'Management Information Systems', 'university': 'University of Illinois at Springfield', 'year': '2024'}, {'degree': 'Bachelor of Technology', 'major': 'Electronics & Communication Engineering', 'university': 'ACE Engineering College, Hyderabad', 'year': '2020'}]
2026-03-13 07:15:42,213 - document_generator - INFO - Stage 1 facts_json certifications: ['Microsoft Azure AZ-900 – Microsoft Azure Fundamentals', 'Robotic Enterprise Framework Overview – UiPath', 'Orchestrator for RPA Developers – UiPath', 'ARIS Business Process Analysis Platform']
2026-03-13 07:15:42,226 - document_generator - ERROR - RESUME_PROMPT_FIRST_500: You are a JSON API. Output only a JSON object. No prose. No advice. No markdown. Start with {

TARGET JOB:
Overview
Please note that visa sponsorship is unavailable for this position
Fanatics Betting & Gaming (FBG) is on a mission to create the best online sportsbook in the industry, and we’re looking for an experienced
Software Engineer III, Back End (Java)
to help us get there.

As a Software Engineer III, you will play a key role in designing, developing, and optimizing the
backend sys
2026-03-13 07:15:42,227 - document_generator - ERROR - RESUME_PROMPT_LAST_200: essional paragraphs for this specific role.",
  "changes": [],
  "skills_added": ["Java", "Spring Boot", "AWS services"],
  "self_check_passed": true
}

Respond with valid JSON only. Begin with { now:
2026-03-13 07:15:42,229 - resume_analyzer - INFO - [GROQ CALL] json_mode=True model=llama-3.3-70b-versatile prompt_has_json=True prompt_start='You are a JSON API. Output only a JSON object. No prose. No advice. No markdown.'
2026-03-13 07:15:42,229 - resume_analyzer - INFO - Calling Groq API with model: llama-3.3-70b-versatile (max_retries: 3)
2026-03-13 07:15:46,085 - document_generator - ERROR - STAGE2_RESPONSE_FIRST_300: {
  "think_phase_summary": "With 2 years of experience in the tech domain and skills in LangChain, LlamaIndex, and FastAPI, I am a strong fit for the Software Engineer III role at Fanatics, where I can leverage my expertise in Java, Spring Boot, and AWS services to drive innovation.",
   "jd_extract
2026-03-13 07:24:58,201 - resume_analyzer - INFO - [GROQ CALL] json_mode=True model=llama-3.1-8b-instant prompt_has_json=True prompt_start='\nYou are an expert ATS (Applicant Tracking System) and resume analyst. Analyze t'
2026-03-13 07:24:58,213 - resume_analyzer - INFO - Calling Groq API with model: llama-3.1-8b-instant (max_retries: 3)
2026-03-13 07:25:00,032 - resume_analyzer - INFO - [GROQ CALL] json_mode=True model=llama-3.1-8b-instant prompt_has_json=True prompt_start='\nYou are an Elite Resume Architect and ATS Optimization Expert. Your goal is to '
2026-03-13 07:25:00,034 - resume_analyzer - INFO - Calling Groq API with model: llama-3.1-8b-instant (max_retries: 3)
2026-03-13 07:25:18,739 - document_generator - INFO - Stage 1: Deterministic resume parse
2026-03-13 07:25:18,751 - resume_analyzer - INFO - [GROQ CALL] json_mode=True model=llama-3.3-70b-versatile prompt_has_json=True prompt_start='\nSYSTEM:\nYou are a precision fact extractor. Output JSON ONLY. No prose.\n\nUSER:\n'
2026-03-13 07:25:18,752 - resume_analyzer - INFO - Calling Groq API with model: llama-3.3-70b-versatile (max_retries: 3)
2026-03-13 07:25:22,231 - document_generator - INFO - Stage 1 facts_json employers: ['Astra Corp | AI Engineer', 'Ai Talent Inc | AI Engineer', 'Precisesoft Inc | Data Analyst', 'Tech Mahindra | Associate Software Engineer']
2026-03-13 07:25:22,231 - document_generator - INFO - Stage 1 facts_json projects: ['Enterprise Patent & Research Assistant', 'Text-to-SQL Analytics Copilot', 'AI Job Application Copilot (Agentic RAG Workflow)']
2026-03-13 07:25:22,232 - document_generator - INFO - Stage 1 facts_json education: [{'degree': 'Master of Science', 'major': 'Management Information Systems', 'university': 'University of Illinois at Springfield', 'year': '2024'}, {'degree': 'Bachelor of Technology', 'major': 'Electronics & Communication Engineering', 'university': 'ACE Engineering College, Hyderabad', 'year': '2020'}]
2026-03-13 07:25:22,233 - document_generator - INFO - Stage 1 facts_json certifications: ['Microsoft Azure AZ-900 – Microsoft Azure Fundamentals', 'Robotic Enterprise Framework Overview – UiPath', 'Orchestrator for RPA Developers – UiPath', 'ARIS Business Process Analysis Platform']
2026-03-13 07:25:22,233 - document_generator - ERROR - RESUME_PROMPT_FIRST_500: You are a JSON API. Output only a JSON object. No prose. No advice. No markdown. Start with {

TARGET JOB:
Overview
Please note that visa sponsorship is unavailable for this position
Fanatics Betting & Gaming (FBG) is on a mission to create the best online sportsbook in the industry, and we’re looking for an experienced
Software Engineer III, Back End (Java)
to help us get there.

As a Software Engineer III, you will play a key role in designing, developing, and optimizing the
backend sys
2026-03-13 07:25:22,234 - document_generator - ERROR - RESUME_PROMPT_LAST_200: 4 professional paragraphs for this specific role.",
  "changes": [],
  "skills_added": ["Java", "Spring Boot", "Docker"],
  "self_check_passed": true
}

Respond with valid JSON only. Begin with { now:
2026-03-13 07:25:22,235 - resume_analyzer - INFO - [GROQ CALL] json_mode=True model=llama-3.3-70b-versatile prompt_has_json=True prompt_start='You are a JSON API. Output only a JSON object. No prose. No advice. No markdown.'
2026-03-13 07:25:22,236 - resume_analyzer - INFO - Calling Groq API with model: llama-3.3-70b-versatile (max_retries: 3)
2026-03-13 07:25:25,318 - document_generator - ERROR - STAGE2_RESPONSE_FIRST_300: {
  "think_phase_summary": "With approximately 6 years of experience in AI and software development, SAIRAM VEEREDDY brings expertise in Java, Python, and cloud platforms, making him a strong fit for the Software Engineer III role at Fanatics.",
   "jd_extraction": {
       "job_title": "Software En
2026-03-13 07:37:08,925 - resume_analyzer - INFO - [GROQ CALL] json_mode=True model=llama-3.1-8b-instant prompt_has_json=True prompt_start='\nYou are an expert ATS (Applicant Tracking System) and resume analyst. Analyze t'
2026-03-13 07:37:08,926 - resume_analyzer - INFO - Calling Groq API with model: llama-3.1-8b-instant (max_retries: 3)
2026-03-13 07:37:10,994 - resume_analyzer - INFO - [GROQ CALL] json_mode=True model=llama-3.1-8b-instant prompt_has_json=True prompt_start='\nYou are an Elite Resume Architect and ATS Optimization Expert. Your goal is to '
2026-03-13 07:37:10,995 - resume_analyzer - INFO - Calling Groq API with model: llama-3.1-8b-instant (max_retries: 3)
2026-03-13 07:37:23,791 - document_generator - INFO - Stage 1: Deterministic resume parse
2026-03-13 07:37:23,798 - resume_analyzer - INFO - [GROQ CALL] json_mode=True model=llama-3.3-70b-versatile prompt_has_json=True prompt_start='\nSYSTEM:\nYou are a precision fact extractor. Output JSON ONLY. No prose.\n\nUSER:\n'
2026-03-13 07:37:23,798 - resume_analyzer - INFO - Calling Groq API with model: llama-3.3-70b-versatile (max_retries: 3)
2026-03-13 07:37:27,687 - document_generator - INFO - Stage 1 facts_json employers: ['Astra Corp | AI Engineer', 'Ai Talent Inc | AI Engineer', 'Precisesoft Inc | Data Analyst', 'Tech Mahindra | Associate Software Engineer']
2026-03-13 07:37:27,687 - document_generator - INFO - Stage 1 facts_json projects: ['Enterprise Patent & Research Assistant', 'Text-to-SQL Analytics Copilot', 'AI Job Application Copilot (Agentic RAG Workflow)']
2026-03-13 07:37:27,687 - document_generator - INFO - Stage 1 facts_json education: [{'degree': 'Master of Science', 'major': 'Management Information Systems', 'university': 'University of Illinois at Springfield', 'year': '2024'}, {'degree': 'Bachelor of Technology', 'major': 'Electronics & Communication Engineering', 'university': 'ACE Engineering College, Hyderabad', 'year': '2020'}]
2026-03-13 07:37:27,688 - document_generator - INFO - Stage 1 facts_json certifications: ['Microsoft Azure AZ-900 – Microsoft Azure Fundamentals', 'Robotic Enterprise Framework Overview – UiPath', 'Orchestrator for RPA Developers – UiPath', 'ARIS Business Process Analysis Platform']
2026-03-13 07:37:27,688 - document_generator - ERROR - RESUME_PROMPT_FIRST_500: You are a JSON API. Output only a JSON object. No prose. No advice. No markdown. Start with {

TARGET JOB:
Overview
Please note that visa sponsorship is unavailable for this position
Fanatics Betting & Gaming (FBG) is on a mission to create the best online sportsbook in the industry, and we’re looking for an experienced
Software Engineer III, Back End (Java)
to help us get there.

As a Software Engineer III, you will play a key role in designing, developing, and optimizing the
backend sys
2026-03-13 07:37:27,690 - document_generator - ERROR - RESUME_PROMPT_LAST_200: "3-4 professional paragraphs for this specific role.",
  "changes": [],
  "skills_added": ["Java", "Spring Boot", "JPA"],
  "self_check_passed": true
}

Respond with valid JSON only. Begin with { now:
2026-03-13 07:37:27,690 - resume_analyzer - INFO - [GROQ CALL] json_mode=True model=llama-3.3-70b-versatile prompt_has_json=True prompt_start='You are a JSON API. Output only a JSON object. No prose. No advice. No markdown.'
2026-03-13 07:37:27,691 - resume_analyzer - INFO - Calling Groq API with model: llama-3.3-70b-versatile (max_retries: 3)
2026-03-13 07:37:31,332 - document_generator - ERROR - STAGE2_RESPONSE_FIRST_300: {
  "think_phase_summary": "Highly skilled AI Engineer with 6+ years of experience in designing and delivering intelligent data and AI solutions, seeking a Software Engineer III role at Fanatics",
   "jd_extraction": {
       "job_title": "Software Engineer III, Back End (Java)",
       "top_5_keywo
2026-03-13 10:36:26,772 - resume_analyzer - INFO - [GROQ CALL] json_mode=False model=llama-3.1-8b-instant prompt_has_json=True prompt_start='Extract job details from the following raw text scraped from https://www.linkedi'
2026-03-13 10:36:26,786 - resume_analyzer - INFO - Calling Groq API with model: llama-3.1-8b-instant (max_retries: 3)
2026-03-13 12:34:55,109 - resume_analyzer - INFO - [GROQ CALL] json_mode=False model=llama-3.1-8b-instant prompt_has_json=True prompt_start='Extract job details from the following raw text scraped from https://www.linkedi'
2026-03-13 12:34:55,112 - resume_analyzer - INFO - Calling Groq API with model: llama-3.1-8b-instant (max_retries: 3)
2026-03-13 12:40:07,480 - resume_analyzer - INFO - [GROQ CALL] json_mode=False model=llama-3.1-8b-instant prompt_has_json=True prompt_start='Extract job details from the following raw text scraped from https://www.linkedi'
2026-03-13 12:40:07,481 - resume_analyzer - INFO - Calling Groq API with model: llama-3.1-8b-instant (max_retries: 3)
2026-03-13 13:59:31,113 - resume_analyzer - INFO - [GROQ CALL] json_mode=False model=llama-3.1-8b-instant prompt_has_json=True prompt_start='Extract job details from the following raw text scraped from https://www.linkedi'
2026-03-13 13:59:31,121 - resume_analyzer - INFO - Calling Groq API with model: llama-3.1-8b-instant (max_retries: 3)
2026-03-13 14:27:00,786 - resume_analyzer - INFO - [GROQ CALL] json_mode=False model=llama-3.1-8b-instant prompt_has_json=True prompt_start='Extract job details from the following raw text scraped from https://www.linkedi'
2026-03-13 14:27:00,787 - resume_analyzer - INFO - Calling Groq API with model: llama-3.1-8b-instant (max_retries: 3)
2026-03-13 16:06:02,165 - resume_analyzer - INFO - [GROQ CALL] json_mode=False model=llama-3.1-8b-instant prompt_has_json=True prompt_start='Extract job details from the following raw text scraped from https://www.linkedi'
2026-03-13 16:06:02,165 - resume_analyzer - INFO - Calling Groq API with model: llama-3.1-8b-instant (max_retries: 3)
2026-03-13 16:10:46,130 - resume_analyzer - INFO - [GROQ CALL] json_mode=True model=llama-3.1-8b-instant prompt_has_json=True prompt_start='\nExtract structured data from this resume text for a professional profile. Retur'
2026-03-13 16:10:46,130 - resume_analyzer - INFO - Calling Groq API with model: llama-3.1-8b-instant (max_retries: 3)
2026-03-13 16:10:47,119 - resume_analyzer - INFO - [GROQ CALL] json_mode=True model=llama-3.3-70b-versatile prompt_has_json=True prompt_start='\nPRE_PROCESSING_RULE:\nBEFORE tailoring, strip all formatting markers from the ra'
2026-03-13 16:10:47,119 - resume_analyzer - INFO - Calling Groq API with model: llama-3.3-70b-versatile (max_retries: 3)
2026-03-13 16:13:54,249 - resume_analyzer - INFO - [GROQ CALL] json_mode=True model=llama-3.1-8b-instant prompt_has_json=True prompt_start='\nExtract structured data from this resume text for a professional profile. Retur'
2026-03-13 16:13:54,249 - resume_analyzer - INFO - Calling Groq API with model: llama-3.1-8b-instant (max_retries: 3)
2026-03-13 16:13:55,131 - resume_analyzer - INFO - [GROQ CALL] json_mode=True model=llama-3.3-70b-versatile prompt_has_json=True prompt_start='\nPRE_PROCESSING_RULE:\nBEFORE tailoring, strip all formatting markers from the ra'
2026-03-13 16:13:55,132 - resume_analyzer - INFO - Calling Groq API with model: llama-3.3-70b-versatile (max_retries: 3)
2026-03-13 16:17:33,133 - resume_analyzer - INFO - [GROQ CALL] json_mode=False model=llama-3.1-8b-instant prompt_has_json=True prompt_start='Extract job details from the following raw text scraped from https://www.linkedi'
2026-03-13 16:17:33,136 - resume_analyzer - INFO - Calling Groq API with model: llama-3.1-8b-instant (max_retries: 3)
2026-03-13 23:49:42,442 - resume_analyzer - INFO - [GROQ CALL] json_mode=False model=llama-3.1-8b-instant prompt_has_json=True prompt_start='Extract job details from the following raw text scraped from https://www.linkedi'
2026-03-13 23:49:42,444 - resume_analyzer - INFO - Calling Groq API with model: llama-3.1-8b-instant (max_retries: 3)
2026-03-13 23:56:36,151 - resume_analyzer - INFO - [GROQ CALL] json_mode=False model=llama-3.1-8b-instant prompt_has_json=True prompt_start='Extract job details from the following raw text scraped from https://www.linkedi'
2026-03-13 23:56:36,152 - resume_analyzer - INFO - Calling Groq API with model: llama-3.1-8b-instant (max_retries: 3)
2026-03-13 23:56:38,597 - document_generator - INFO - Starting Expert AI Tailoring Pipeline...
2026-03-13 23:56:38,606 - resume_analyzer - INFO - [GROQ CALL] json_mode=True model=llama-3.1-8b-instant prompt_has_json=True prompt_start='\nExtract structured data from this resume text for a professional profile. Retur'
2026-03-13 23:56:38,608 - resume_analyzer - INFO - Calling Groq API with model: llama-3.1-8b-instant (max_retries: 3)
2026-03-13 23:56:40,709 - resume_analyzer - INFO - [GROQ CALL] json_mode=True model=llama-3.3-70b-versatile prompt_has_json=True prompt_start='\nPRE_PROCESSING_RULE:\nBEFORE tailoring, strip all formatting markers from the ra'
2026-03-13 23:56:40,710 - resume_analyzer - INFO - Calling Groq API with model: llama-3.3-70b-versatile (max_retries: 3)
2026-03-13 23:56:43,832 - document_generator - INFO - Expert AI Tailoring complete.
2026-03-13 23:56:43,833 - document_generator - ERROR - Failed to generate expert documents: 'str' object has no attribute 'get'
2026-03-14 00:09:37,276 - resume_analyzer - INFO - [GROQ CALL] json_mode=True model=llama-3.1-8b-instant prompt_has_json=True prompt_start='\nExtract structured data from this resume text for a professional profile. Retur'
2026-03-14 00:09:37,291 - resume_analyzer - INFO - Calling Groq API with model: llama-3.1-8b-instant (max_retries: 3)
2026-03-14 00:09:38,042 - document_generator - INFO - Starting Expert AI Tailoring Pipeline...
2026-03-14 00:09:38,042 - resume_analyzer - INFO - [GROQ CALL] json_mode=True model=llama-3.1-8b-instant prompt_has_json=True prompt_start='\nExtract structured data from this resume text for a professional profile. Retur'
2026-03-14 00:09:38,042 - resume_analyzer - INFO - Calling Groq API with model: llama-3.1-8b-instant (max_retries: 3)
2026-03-14 00:09:38,574 - resume_analyzer - INFO - [GROQ CALL] json_mode=True model=llama-3.3-70b-versatile prompt_has_json=True prompt_start='\nPRE_PROCESSING_RULE:\nBEFORE tailoring, strip all formatting markers from the ra'
2026-03-14 00:09:38,574 - resume_analyzer - INFO - Calling Groq API with model: llama-3.3-70b-versatile (max_retries: 3)
2026-03-14 00:09:39,953 - document_generator - INFO - Expert AI Tailoring complete.
2026-03-14 09:23:08,591 - resume_analyzer - INFO - [GROQ CALL] json_mode=False model=llama-3.1-8b-instant prompt_has_json=True prompt_start='Extract job details from the following raw text scraped from https://www.linkedi'
2026-03-14 09:23:08,596 - resume_analyzer - INFO - Calling Groq API with model: llama-3.1-8b-instant (max_retries: 3)
2026-03-14 09:23:14,305 - document_generator - INFO - Starting Expert AI Tailoring Pipeline...
2026-03-14 09:23:14,308 - resume_analyzer - INFO - [GROQ CALL] json_mode=True model=llama-3.1-8b-instant prompt_has_json=True prompt_start='\nExtract structured data from this resume text for a professional profile. Retur'
2026-03-14 09:23:14,310 - resume_analyzer - INFO - Calling Groq API with model: llama-3.1-8b-instant (max_retries: 3)
2026-03-14 09:23:16,449 - resume_analyzer - INFO - [GROQ CALL] json_mode=True model=llama-3.3-70b-versatile prompt_has_json=True prompt_start='\nPRE_PROCESSING_RULE:\nBEFORE tailoring, strip all formatting markers from the ra'
2026-03-14 09:23:16,451 - resume_analyzer - INFO - Calling Groq API with model: llama-3.3-70b-versatile (max_retries: 3)
2026-03-14 09:23:19,073 - document_generator - INFO - Expert AI Tailoring complete.
2026-03-14 09:23:19,076 - document_generator - ERROR - Failed to generate expert documents: 'str' object has no attribute 'get'
2026-03-14 09:28:45,267 - resume_analyzer - INFO - [GROQ CALL] json_mode=True model=llama-3.1-8b-instant prompt_has_json=True prompt_start='\nExtract structured data from this resume text for a professional profile. Retur'
2026-03-14 09:28:45,267 - resume_analyzer - INFO - Calling Groq API with model: llama-3.1-8b-instant (max_retries: 3)
2026-03-14 09:28:46,017 - document_generator - INFO - Starting Expert AI Tailoring Pipeline...
2026-03-14 09:28:46,018 - resume_analyzer - INFO - [GROQ CALL] json_mode=True model=llama-3.1-8b-instant prompt_has_json=True prompt_start='\nExtract structured data from this resume text for a professional profile. Retur'
2026-03-14 09:28:46,019 - resume_analyzer - INFO - Calling Groq API with model: llama-3.1-8b-instant (max_retries: 3)
2026-03-14 09:28:46,480 - resume_analyzer - INFO - [GROQ CALL] json_mode=True model=llama-3.3-70b-versatile prompt_has_json=True prompt_start='\nPRE_PROCESSING_RULE:\nBEFORE tailoring, strip all formatting markers from the ra'
2026-03-14 09:28:46,481 - resume_analyzer - INFO - Calling Groq API with model: llama-3.3-70b-versatile (max_retries: 3)
2026-03-14 09:28:47,879 - document_generator - INFO - Expert AI Tailoring complete.
2026-03-14 09:42:49,946 - document_generator - INFO - Starting Expert AI Tailoring Pipeline...
2026-03-14 09:42:49,948 - resume_analyzer - INFO - [GROQ CALL] json_mode=True model=llama-3.1-8b-instant prompt_has_json=True prompt_start='\nExtract structured data from this resume text for a professional profile. Retur'
2026-03-14 09:42:49,949 - resume_analyzer - INFO - Calling Groq API with model: llama-3.1-8b-instant (max_retries: 3)
2026-03-14 09:42:51,913 - resume_analyzer - INFO - [GROQ CALL] json_mode=True model=llama-3.3-70b-versatile prompt_has_json=True prompt_start='\nPRE_PROCESSING_RULE:\nBEFORE tailoring, strip all formatting markers from the ra'
2026-03-14 09:42:51,914 - resume_analyzer - INFO - Calling Groq API with model: llama-3.3-70b-versatile (max_retries: 3)
2026-03-14 09:42:54,720 - document_generator - INFO - Expert AI Tailoring complete.
2026-03-14 09:42:54,721 - document_generator - ERROR - Failed to generate expert documents: 'str' object has no attribute 'get'
2026-03-14 09:47:26,247 - resume_analyzer - INFO - [GROQ CALL] json_mode=False model=llama-3.1-8b-instant prompt_has_json=True prompt_start='Extract job details from the following raw text scraped from https://www.linkedi'
2026-03-14 09:47:26,248 - resume_analyzer - INFO - Calling Groq API with model: llama-3.1-8b-instant (max_retries: 3)
2026-03-14 09:47:44,089 - document_generator - INFO - Starting Expert AI Tailoring Pipeline...
2026-03-14 09:47:44,091 - resume_analyzer - INFO - [GROQ CALL] json_mode=True model=llama-3.1-8b-instant prompt_has_json=True prompt_start='\nExtract structured data from this resume text for a professional profile. Retur'
2026-03-14 09:47:44,091 - resume_analyzer - INFO - Calling Groq API with model: llama-3.1-8b-instant (max_retries: 3)
2026-03-14 09:47:46,272 - resume_analyzer - INFO - [GROQ CALL] json_mode=True model=llama-3.3-70b-versatile prompt_has_json=True prompt_start='\nPRE_PROCESSING_RULE:\nBEFORE tailoring, strip all formatting markers from the ra'
2026-03-14 09:47:46,276 - resume_analyzer - INFO - Calling Groq API with model: llama-3.3-70b-versatile (max_retries: 3)
2026-03-14 09:47:48,897 - document_generator - INFO - Expert AI Tailoring complete.
2026-03-14 09:47:48,898 - document_generator - ERROR - Failed to generate expert documents: 'str' object has no attribute 'get'
2026-03-14 16:44:11,868 - resume_analyzer - INFO - [GROQ CALL] json_mode=False model=llama-3.1-8b-instant prompt_has_json=True prompt_start='Extract job details from the following raw text scraped from https://www.linkedi'
2026-03-14 16:44:11,880 - resume_analyzer - INFO - Calling Groq API with model: llama-3.1-8b-instant (max_retries: 3)
2026-03-14 16:44:15,991 - document_generator - INFO - Starting Expert AI Tailoring Pipeline...
2026-03-14 16:44:15,999 - resume_analyzer - INFO - [GROQ CALL] json_mode=True model=llama-3.1-8b-instant prompt_has_json=True prompt_start='\nExtract structured data from this resume text for a professional profile. Retur'
2026-03-14 16:44:16,002 - resume_analyzer - INFO - Calling Groq API with model: llama-3.1-8b-instant (max_retries: 3)
2026-03-14 16:44:18,001 - resume_analyzer - INFO - [GROQ CALL] json_mode=True model=llama-3.3-70b-versatile prompt_has_json=True prompt_start='\nPRE_PROCESSING_RULE:\nBEFORE tailoring, strip all formatting markers from the ra'
2026-03-14 16:44:18,003 - resume_analyzer - INFO - Calling Groq API with model: llama-3.3-70b-versatile (max_retries: 3)
2026-03-14 16:44:20,729 - document_generator - INFO - Expert AI Tailoring complete.
2026-03-14 16:44:20,729 - document_generator - ERROR - Failed to generate expert documents: 'str' object has no attribute 'get'
2026-03-14 16:44:20,760 - document_generator - ERROR - Traceback (most recent call last):
  File "C:\Users\vsair\Downloads\novasquar-main\novasquad-main\nova-ninjas\backend\document_generator.py", line 1299, in generate_expert_documents
    rendered_text = render_preview_text_from_json(expert_data)
                    ^^^^^^^^^^^^^^^^^^^^^^^^^^^^^^^^^^^^^^^^^^
  File "C:\Users\vsair\Downloads\novasquar-main\novasquad-main\nova-ninjas\backend\document_generator.py", line 672, in render_preview_text_from_json
    edu_line = f"{edu.get('degree', '')}, {edu.get('school', '') or edu.get('university', '')} | {edu.get('date', '') or edu.get('year', '')}"
                  ^^^^^^^
AttributeError: 'str' object has no attribute 'get'

2026-03-14 16:44:20,766 - document_generator - INFO - Expert generation failed. Falling back to simple tailoring for Agentic Developer (LLM Native / Enterprise) at Delta System & Software, Inc....
2026-03-14 16:44:20,772 - document_generator - INFO - Starting 3-stage tailoring pipeline for Delta System & Software, Inc.
2026-03-14 16:44:20,774 - resume_analyzer - INFO - [GROQ CALL] json_mode=True model=llama-3.1-8b-instant prompt_has_json=True prompt_start='\nExtract structured data from this resume text for a professional profile. Retur'
2026-03-14 16:44:20,775 - resume_analyzer - INFO - Calling Groq API with model: llama-3.1-8b-instant (max_retries: 3)
2026-03-14 16:44:22,784 - resume_analyzer - INFO - [GROQ CALL] json_mode=True model=llama-3.1-8b-instant prompt_has_json=True prompt_start='\nYou are a resume analyst. Output ONLY valid JSON. No explanation, no markdown, '
2026-03-14 16:44:22,785 - resume_analyzer - INFO - Calling Groq API with model: llama-3.1-8b-instant (max_retries: 3)
2026-03-14 16:44:23,457 - document_generator - INFO - Stage 1 Analysis complete for Delta System & Software, Inc.
2026-03-14 16:44:23,458 - resume_analyzer - INFO - [GROQ CALL] json_mode=True model=llama-3.1-8b-instant prompt_has_json=True prompt_start="\nYou are a professional resume writer. Rewrite ONE job role's bullets for a resu"
2026-03-14 16:44:23,458 - resume_analyzer - INFO - Calling Groq API with model: llama-3.1-8b-instant (max_retries: 3)
2026-03-14 16:44:23,933 - resume_analyzer - INFO - [GROQ CALL] json_mode=True model=llama-3.1-8b-instant prompt_has_json=True prompt_start="\nYou are a professional resume writer. Rewrite ONE job role's bullets for a resu"
2026-03-14 16:44:23,935 - resume_analyzer - INFO - Calling Groq API with model: llama-3.1-8b-instant (max_retries: 3)
2026-03-14 16:44:24,341 - resume_analyzer - INFO - [GROQ CALL] json_mode=True model=llama-3.1-8b-instant prompt_has_json=True prompt_start="\nYou are a professional resume writer. Rewrite ONE job role's bullets for a resu"
2026-03-14 16:44:24,341 - resume_analyzer - INFO - Calling Groq API with model: llama-3.1-8b-instant (max_retries: 3)
2026-03-14 16:44:24,840 - resume_analyzer - INFO - [GROQ CALL] json_mode=True model=llama-3.1-8b-instant prompt_has_json=True prompt_start="\nYou are a professional resume writer. Rewrite ONE job role's bullets for a resu"
2026-03-14 16:44:24,841 - resume_analyzer - INFO - Calling Groq API with model: llama-3.1-8b-instant (max_retries: 3)
2026-03-14 16:44:25,304 - document_generator - INFO - Stage 2 Rewriting complete for 4 roles
2026-03-14 16:44:25,305 - resume_analyzer - INFO - [GROQ CALL] json_mode=True model=llama-3.3-70b-versatile prompt_has_json=True prompt_start='\nYou are a professional resume writer. Respond ONLY with a JSON object. No prose'
2026-03-14 16:44:25,306 - resume_analyzer - INFO - Calling Groq API with model: llama-3.3-70b-versatile (max_retries: 3)
2026-03-14 16:44:27,570 - resume_analyzer - INFO - [GROQ CALL] json_mode=False model=default prompt_has_json=False prompt_start='\nWrite a professional, compelling cover letter for this job application.\n\nAPPLIC'
2026-03-14 16:44:27,571 - resume_analyzer - INFO - Calling Groq API with model: llama-3.3-70b-versatile (max_retries: 3)
2026-03-14 17:00:55,223 - resume_analyzer - INFO - [GROQ CALL] json_mode=False model=llama-3.1-8b-instant prompt_has_json=True prompt_start='Extract job details from the following raw text scraped from https://www.linkedi'
2026-03-14 17:00:55,225 - resume_analyzer - INFO - Calling Groq API with model: llama-3.1-8b-instant (max_retries: 3)
2026-03-14 17:00:59,344 - document_generator - INFO - Starting Expert AI Tailoring Pipeline...
2026-03-14 17:00:59,346 - resume_analyzer - INFO - [GROQ CALL] json_mode=True model=llama-3.1-8b-instant prompt_has_json=True prompt_start='\nExtract structured data from this resume text for a professional profile. Retur'
2026-03-14 17:00:59,348 - resume_analyzer - INFO - Calling Groq API with model: llama-3.1-8b-instant (max_retries: 3)
2026-03-14 17:01:00,642 - resume_analyzer - INFO - [GROQ CALL] json_mode=True model=llama-3.3-70b-versatile prompt_has_json=True prompt_start='\nPRE_PROCESSING_RULE:\nBEFORE tailoring, strip all formatting markers from the ra'
2026-03-14 17:01:00,642 - resume_analyzer - INFO - Calling Groq API with model: llama-3.3-70b-versatile (max_retries: 3)
2026-03-14 17:01:02,979 - document_generator - INFO - Expert AI Tailoring complete.
2026-03-14 17:01:13,739 - document_generator - INFO - Starting Expert AI Tailoring Pipeline...
2026-03-14 17:01:13,739 - resume_analyzer - INFO - [GROQ CALL] json_mode=True model=llama-3.1-8b-instant prompt_has_json=True prompt_start='\nExtract structured data from this resume text for a professional profile. Retur'
2026-03-14 17:01:13,740 - resume_analyzer - INFO - Calling Groq API with model: llama-3.1-8b-instant (max_retries: 3)
2026-03-14 17:01:15,713 - resume_analyzer - INFO - [GROQ CALL] json_mode=True model=llama-3.3-70b-versatile prompt_has_json=True prompt_start='\nPRE_PROCESSING_RULE:\nBEFORE tailoring, strip all formatting markers from the ra'
2026-03-14 17:01:15,713 - resume_analyzer - INFO - Calling Groq API with model: llama-3.3-70b-versatile (max_retries: 3)
2026-03-14 17:01:18,511 - document_generator - INFO - Expert AI Tailoring complete.
2026-03-14 17:01:18,512 - document_generator - ERROR - Failed to generate expert documents: 'str' object has no attribute 'get'
2026-03-14 17:01:18,529 - document_generator - ERROR - Traceback (most recent call last):
  File "C:\Users\vsair\Downloads\novasquar-main\novasquad-main\nova-ninjas\backend\document_generator.py", line 1299, in generate_expert_documents
    "skills": {{"technical":[], "soft":[]}},
                          ^^^^^^^^^^^^^^^^^^^
  File "C:\Users\vsair\Downloads\novasquar-main\novasquad-main\nova-ninjas\backend\document_generator.py", line 672, in render_preview_text_from_json
    return str(source) if source else ""
                      ^^^^^^^
AttributeError: 'str' object has no attribute 'get'

2026-03-14 17:01:18,530 - document_generator - INFO - Expert generation failed. Falling back to simple tailoring for Agentic Developer (LLM Native / Enterprise) at Delta System & Software, Inc....
2026-03-14 17:01:18,530 - document_generator - INFO - Starting 3-stage tailoring pipeline for Delta System & Software, Inc.
2026-03-14 17:01:18,534 - resume_analyzer - INFO - [GROQ CALL] json_mode=True model=llama-3.1-8b-instant prompt_has_json=True prompt_start='\nExtract structured data from this resume text for a professional profile. Retur'
2026-03-14 17:01:18,536 - resume_analyzer - INFO - Calling Groq API with model: llama-3.1-8b-instant (max_retries: 3)
2026-03-14 17:01:20,642 - resume_analyzer - INFO - [GROQ CALL] json_mode=True model=llama-3.1-8b-instant prompt_has_json=True prompt_start='\nYou are a resume analyst. Output ONLY valid JSON. No explanation, no markdown, '
2026-03-14 17:01:20,642 - resume_analyzer - INFO - Calling Groq API with model: llama-3.1-8b-instant (max_retries: 3)
2026-03-14 17:01:21,500 - document_generator - INFO - Stage 1 Analysis complete for Delta System & Software, Inc.
2026-03-14 17:01:21,501 - resume_analyzer - INFO - [GROQ CALL] json_mode=True model=llama-3.1-8b-instant prompt_has_json=True prompt_start="\nYou are a professional resume writer. Rewrite ONE job role's bullets for a resu"
2026-03-14 17:01:21,503 - resume_analyzer - INFO - Calling Groq API with model: llama-3.1-8b-instant (max_retries: 3)
2026-03-14 17:01:22,026 - resume_analyzer - INFO - [GROQ CALL] json_mode=True model=llama-3.1-8b-instant prompt_has_json=True prompt_start="\nYou are a professional resume writer. Rewrite ONE job role's bullets for a resu"
2026-03-14 17:01:22,027 - resume_analyzer - INFO - Calling Groq API with model: llama-3.1-8b-instant (max_retries: 3)
2026-03-14 17:01:22,601 - resume_analyzer - INFO - [GROQ CALL] json_mode=True model=llama-3.1-8b-instant prompt_has_json=True prompt_start="\nYou are a professional resume writer. Rewrite ONE job role's bullets for a resu"
2026-03-14 17:01:22,601 - resume_analyzer - INFO - Calling Groq API with model: llama-3.1-8b-instant (max_retries: 3)
2026-03-14 17:01:23,061 - resume_analyzer - INFO - [GROQ CALL] json_mode=True model=llama-3.1-8b-instant prompt_has_json=True prompt_start="\nYou are a professional resume writer. Rewrite ONE job role's bullets for a resu"
2026-03-14 17:01:23,061 - resume_analyzer - INFO - Calling Groq API with model: llama-3.1-8b-instant (max_retries: 3)
2026-03-14 17:01:23,540 - document_generator - INFO - Stage 2 Rewriting complete for 4 roles
2026-03-14 17:01:23,540 - resume_analyzer - INFO - [GROQ CALL] json_mode=True model=llama-3.3-70b-versatile prompt_has_json=True prompt_start='\nYou are a professional resume writer. Respond ONLY with a JSON object. No prose'
2026-03-14 17:01:23,541 - resume_analyzer - INFO - Calling Groq API with model: llama-3.3-70b-versatile (max_retries: 3)
2026-03-14 17:01:25,930 - resume_analyzer - INFO - [GROQ CALL] json_mode=False model=default prompt_has_json=False prompt_start='\nWrite a professional, compelling cover letter for this job application.\n\nAPPLIC'
2026-03-14 17:01:25,931 - resume_analyzer - INFO - Calling Groq API with model: llama-3.3-70b-versatile (max_retries: 3)
2026-03-14 17:33:19,615 - resume_analyzer - INFO - [GROQ CALL] json_mode=False model=llama-3.1-8b-instant prompt_has_json=True prompt_start='Extract job details from the following raw text scraped from https://www.linkedi'
2026-03-14 17:33:19,616 - resume_analyzer - INFO - Calling Groq API with model: llama-3.1-8b-instant (max_retries: 3)
2026-03-14 17:33:22,991 - document_generator - INFO - Starting Expert AI Tailoring Pipeline...
2026-03-14 17:33:22,992 - resume_analyzer - INFO - [GROQ CALL] json_mode=True model=llama-3.1-8b-instant prompt_has_json=True prompt_start='\nExtract structured data from this resume text for a professional profile. Retur'
2026-03-14 17:33:22,992 - resume_analyzer - INFO - Calling Groq API with model: llama-3.1-8b-instant (max_retries: 3)
2026-03-14 17:33:25,021 - resume_analyzer - INFO - Calling Groq API with model: llama-3.3-70b-versatile (max_retries: 3)
2026-03-14 17:33:29,943 - document_generator - INFO - Expert AI Tailoring complete.
2026-03-14 19:44:51,816 - resume_analyzer - INFO - [GROQ CALL] json_mode=False model=llama-3.1-8b-instant prompt_has_json=True prompt_start='Extract job details from the following raw text scraped from https://www.linkedi'
2026-03-14 19:44:51,822 - resume_analyzer - INFO - Calling Groq API with model: llama-3.1-8b-instant (max_retries: 3)
2026-03-14 19:44:57,098 - document_generator - INFO - Starting Expert AI Tailoring Pipeline...
2026-03-14 19:44:57,101 - resume_analyzer - INFO - [GROQ CALL] json_mode=True model=llama-3.1-8b-instant prompt_has_json=True prompt_start='\nExtract structured data from this resume text for a professional profile. Retur'
2026-03-14 19:44:57,101 - resume_analyzer - INFO - Calling Groq API with model: llama-3.1-8b-instant (max_retries: 3)
2026-03-14 19:44:59,324 - resume_analyzer - INFO - Calling Groq API with model: llama-3.3-70b-versatile (max_retries: 3)
2026-03-14 19:45:06,932 - document_generator - INFO - Expert AI Tailoring complete.
2026-03-14 19:45:55,930 - document_generator - INFO - Starting Expert AI Tailoring Pipeline...
2026-03-14 19:45:55,931 - resume_analyzer - INFO - [GROQ CALL] json_mode=True model=llama-3.1-8b-instant prompt_has_json=True prompt_start='\nExtract structured data from this resume text for a professional profile. Retur'
2026-03-14 19:45:55,933 - resume_analyzer - INFO - Calling Groq API with model: llama-3.1-8b-instant (max_retries: 3)
2026-03-14 19:45:57,876 - resume_analyzer - INFO - Calling Groq API with model: llama-3.3-70b-versatile (max_retries: 3)
2026-03-14 19:46:05,916 - document_generator - INFO - Expert AI Tailoring complete.
2026-03-14 20:06:54,594 - document_generator - INFO - Starting Expert AI Tailoring Pipeline...
2026-03-14 20:06:54,596 - resume_analyzer - INFO - [GROQ CALL] json_mode=True model=llama-3.1-8b-instant prompt_has_json=True prompt_start='\nExtract structured data from this resume text for a professional profile. Retur'
2026-03-14 20:06:54,599 - resume_analyzer - INFO - Calling Groq API with model: llama-3.1-8b-instant (max_retries: 3)
2026-03-14 20:06:56,483 - resume_analyzer - INFO - Calling Groq API with model: llama-3.3-70b-versatile (max_retries: 3)
2026-03-14 20:07:01,868 - document_generator - INFO - Expert AI Tailoring complete.
2026-03-14 21:16:53,476 - resume_analyzer - INFO - [GROQ CALL] json_mode=False model=llama-3.1-8b-instant prompt_has_json=True prompt_start='Extract job details from the following raw text scraped from https://www.linkedi'
2026-03-14 21:16:53,483 - resume_analyzer - INFO - Calling Groq API with model: llama-3.1-8b-instant (max_retries: 3)
2026-03-14 21:17:21,835 - document_generator - INFO - Starting Expert AI Tailoring Pipeline...
2026-03-14 21:17:21,839 - resume_analyzer - INFO - [GROQ CALL] json_mode=True model=llama-3.1-8b-instant prompt_has_json=True prompt_start='\nExtract structured data from this resume text for a professional profile. Retur'
2026-03-14 21:17:21,842 - resume_analyzer - INFO - Calling Groq API with model: llama-3.1-8b-instant (max_retries: 3)
2026-03-14 21:17:23,886 - resume_analyzer - INFO - Calling Groq API with model: llama-3.3-70b-versatile (max_retries: 3)
2026-03-14 21:17:31,055 - document_generator - INFO - Expert AI Tailoring complete.
2026-03-14 21:17:35,801 - resume_analyzer - INFO - [GROQ CALL] json_mode=False model=default prompt_has_json=False prompt_start='You are a Job Search Expert. Generate a high-impact cold outreach message.\n\nTARG'
2026-03-14 21:17:35,802 - resume_analyzer - INFO - Calling Groq API with model: llama-3.3-70b-versatile (max_retries: 3)
2026-03-14 21:36:08,430 - resume_analyzer - INFO - [GROQ CALL] json_mode=False model=llama-3.1-8b-instant prompt_has_json=True prompt_start='Extract job details from the following raw text scraped from https://www.linkedi'
2026-03-14 21:36:08,434 - resume_analyzer - INFO - Calling Groq API with model: llama-3.1-8b-instant (max_retries: 3)
2026-03-14 21:36:19,038 - document_generator - INFO - Starting Expert AI Tailoring Pipeline...
2026-03-14 21:36:19,043 - resume_analyzer - INFO - [GROQ CALL] json_mode=True model=llama-3.1-8b-instant prompt_has_json=True prompt_start='\nExtract structured data from this resume text for a professional profile. Retur'
2026-03-14 21:36:19,044 - resume_analyzer - INFO - Calling Groq API with model: llama-3.1-8b-instant (max_retries: 3)
2026-03-14 21:36:20,535 - resume_analyzer - INFO - Calling Groq API with model: llama-3.3-70b-versatile (max_retries: 3)
2026-03-14 21:36:23,797 - document_generator - INFO - Expert AI Tailoring complete.
2026-03-14 21:36:40,062 - document_generator - INFO - Starting Expert AI Tailoring Pipeline...
2026-03-14 21:36:40,065 - resume_analyzer - INFO - [GROQ CALL] json_mode=True model=llama-3.1-8b-instant prompt_has_json=True prompt_start='\nExtract structured data from this resume text for a professional profile. Retur'
2026-03-14 21:36:40,067 - resume_analyzer - INFO - Calling Groq API with model: llama-3.1-8b-instant (max_retries: 3)
2026-03-14 21:36:42,262 - resume_analyzer - INFO - Calling Groq API with model: llama-3.3-70b-versatile (max_retries: 3)
2026-03-14 21:36:52,221 - document_generator - INFO - Expert AI Tailoring complete.
2026-03-14 21:37:29,024 - document_generator - INFO - Starting Expert AI Tailoring Pipeline...
2026-03-14 21:37:29,024 - resume_analyzer - INFO - [GROQ CALL] json_mode=True model=llama-3.1-8b-instant prompt_has_json=True prompt_start='\nExtract structured data from this resume text for a professional profile. Retur'
2026-03-14 21:37:29,028 - resume_analyzer - INFO - Calling Groq API with model: llama-3.1-8b-instant (max_retries: 3)
2026-03-14 21:37:30,780 - resume_analyzer - INFO - Calling Groq API with model: llama-3.3-70b-versatile (max_retries: 3)
2026-03-14 21:37:41,478 - document_generator - INFO - Expert AI Tailoring complete.
2026-03-14 21:37:46,436 - resume_analyzer - INFO - [GROQ CALL] json_mode=False model=default prompt_has_json=False prompt_start='You are a Job Search Expert. Generate a high-impact cold outreach message.\n\nTARG'
2026-03-14 21:37:46,438 - resume_analyzer - INFO - Calling Groq API with model: llama-3.3-70b-versatile (max_retries: 3)
2026-03-14 22:05:30,848 - resume_analyzer - INFO - [GROQ CALL] json_mode=False model=llama-3.1-8b-instant prompt_has_json=True prompt_start='Extract job details from the following raw text scraped from https://www.linkedi'
2026-03-14 22:05:30,848 - resume_analyzer - INFO - Calling Groq API with model: llama-3.1-8b-instant (max_retries: 3)
2026-03-14 22:05:36,343 - document_generator - INFO - Starting Expert AI Tailoring Pipeline...
2026-03-14 22:05:36,345 - resume_analyzer - INFO - [GROQ CALL] json_mode=True model=llama-3.1-8b-instant prompt_has_json=True prompt_start='\nExtract structured data from this resume text for a professional profile. Retur'
2026-03-14 22:05:36,346 - resume_analyzer - INFO - Calling Groq API with model: llama-3.1-8b-instant (max_retries: 3)
2026-03-14 22:05:38,478 - resume_analyzer - INFO - Calling Groq API with model: llama-3.3-70b-versatile (max_retries: 3)
2026-03-14 22:05:44,066 - document_generator - INFO - Expert AI Tailoring complete.
2026-03-14 22:16:14,509 - document_generator - INFO - Starting Expert AI Tailoring Pipeline...
2026-03-14 22:16:14,514 - resume_analyzer - INFO - [GROQ CALL] json_mode=True model=llama-3.1-8b-instant prompt_has_json=True prompt_start='\nExtract structured data from this resume text for a professional profile. Retur'
2026-03-14 22:16:14,516 - resume_analyzer - INFO - Calling Groq API with model: llama-3.1-8b-instant (max_retries: 3)
2026-03-14 22:16:16,897 - resume_analyzer - INFO - Calling Groq API with model: llama-3.3-70b-versatile (max_retries: 3)
2026-03-14 22:16:22,510 - document_generator - INFO - Expert AI Tailoring complete.
2026-03-14 22:16:51,296 - resume_analyzer - INFO - [GROQ CALL] json_mode=False model=llama-3.1-8b-instant prompt_has_json=True prompt_start='Extract job details from the following raw text scraped from https://www.linkedi'
2026-03-14 22:16:51,297 - resume_analyzer - INFO - Calling Groq API with model: llama-3.1-8b-instant (max_retries: 3)
2026-03-14 22:16:54,527 - document_generator - INFO - Starting Expert AI Tailoring Pipeline...
2026-03-14 22:16:54,528 - resume_analyzer - INFO - [GROQ CALL] json_mode=True model=llama-3.1-8b-instant prompt_has_json=True prompt_start='\nExtract structured data from this resume text for a professional profile. Retur'
2026-03-14 22:16:54,529 - resume_analyzer - INFO - Calling Groq API with model: llama-3.1-8b-instant (max_retries: 3)
2026-03-14 22:16:56,729 - resume_analyzer - INFO - Calling Groq API with model: llama-3.3-70b-versatile (max_retries: 3)
2026-03-14 22:17:03,450 - document_generator - INFO - Expert AI Tailoring complete.
2026-03-14 23:11:42,988 - resume_analyzer - INFO - [GROQ CALL] json_mode=False model=llama-3.1-8b-instant prompt_has_json=True prompt_start='Extract job details from the following raw text scraped from https://www.linkedi'
2026-03-14 23:11:42,995 - resume_analyzer - INFO - Calling Groq API with model: llama-3.1-8b-instant (max_retries: 3)
2026-03-14 23:12:04,779 - resume_analyzer - INFO - [GROQ CALL] json_mode=True model=llama-3.1-8b-instant prompt_has_json=True prompt_start='\nExtract structured data from this resume text for a professional profile. Retur'
2026-03-14 23:12:04,786 - resume_analyzer - INFO - Calling Groq API with model: llama-3.1-8b-instant (max_retries: 3)
2026-03-14 23:12:07,314 - document_generator - INFO - Starting Expert AI Tailoring Pipeline...
2026-03-14 23:12:07,319 - resume_analyzer - INFO - [GROQ CALL] json_mode=True model=llama-3.1-8b-instant prompt_has_json=True prompt_start='\nExtract structured data from this resume text for a professional profile. Retur'
2026-03-14 23:12:07,320 - resume_analyzer - INFO - Calling Groq API with model: llama-3.1-8b-instant (max_retries: 3)
2026-03-14 23:12:09,834 - resume_analyzer - INFO - Calling Groq API with model: llama-3.3-70b-versatile (max_retries: 3)
2026-03-14 23:12:18,557 - document_generator - INFO - Expert AI Tailoring complete.
2026-03-14 23:12:18,590 - resume_analyzer - INFO - Calling Groq API with model: llama-3.3-70b-versatile (max_retries: 3)
2026-03-15 14:40:42,513 - resume_analyzer - INFO - [GROQ CALL] json_mode=True model=llama-3.1-8b-instant prompt_has_json=True prompt_start='\nYou are an expert ATS (Applicant Tracking System) and resume analyst. Analyze t'
2026-03-15 14:40:42,533 - resume_analyzer - INFO - Calling Groq API with model: llama-3.1-8b-instant (max_retries: 3)
2026-03-15 14:40:44,304 - document_generator - INFO - Starting Expert AI Tailoring Pipeline...
2026-03-15 14:40:44,308 - resume_analyzer - INFO - [GROQ CALL] json_mode=True model=llama-3.1-8b-instant prompt_has_json=True prompt_start='\nExtract structured data from this resume text for a professional profile. Retur'
2026-03-15 14:40:44,308 - resume_analyzer - INFO - Calling Groq API with model: llama-3.1-8b-instant (max_retries: 3)
2026-03-15 14:40:47,136 - resume_analyzer - INFO - Calling Groq API with model: llama-3.3-70b-versatile (max_retries: 3)
2026-03-15 14:40:59,063 - document_generator - INFO - Expert AI Tailoring complete.
2026-03-16 08:24:41,415 - resume_analyzer - INFO - [GROQ CALL] json_mode=False model=llama-3.1-8b-instant prompt_has_json=True prompt_start='Extract job details from the following raw text scraped from https://www.dice.co'
2026-03-16 08:24:41,424 - resume_analyzer - INFO - Calling Groq API with model: llama-3.1-8b-instant (max_retries: 3)
2026-03-16 08:24:44,357 - resume_analyzer - INFO - [GROQ CALL] json_mode=True model=llama-3.1-8b-instant prompt_has_json=True prompt_start='\nExtract structured data from this resume text for a professional profile. Retur'
2026-03-16 08:24:44,358 - resume_analyzer - INFO - Calling Groq API with model: llama-3.1-8b-instant (max_retries: 3)
2026-03-16 08:24:46,600 - document_generator - INFO - Starting Expert AI Tailoring Pipeline...
2026-03-16 08:24:46,605 - resume_analyzer - INFO - [GROQ CALL] json_mode=True model=llama-3.1-8b-instant prompt_has_json=True prompt_start='\nExtract structured data from this resume text for a professional profile. Retur'
2026-03-16 08:24:46,606 - resume_analyzer - INFO - Calling Groq API with model: llama-3.1-8b-instant (max_retries: 3)
2026-03-16 08:24:48,918 - resume_analyzer - INFO - Calling Groq API with model: llama-3.3-70b-versatile (max_retries: 3)
2026-03-16 08:24:59,610 - document_generator - INFO - Expert AI Tailoring complete.
2026-03-16 08:24:59,632 - resume_analyzer - INFO - Calling Groq API with model: llama-3.3-70b-versatile (max_retries: 3)
2026-03-16 10:35:00,188 - resume_analyzer - INFO - [GROQ CALL] json_mode=False model=llama-3.1-8b-instant prompt_has_json=True prompt_start='Extract job details from the following raw text scraped from https://www.linkedi'
2026-03-16 10:35:00,192 - resume_analyzer - INFO - Calling Groq API with model: llama-3.1-8b-instant (max_retries: 3)
2026-03-16 10:35:09,989 - resume_analyzer - INFO - [GROQ CALL] json_mode=True model=llama-3.1-8b-instant prompt_has_json=True prompt_start='\nExtract structured data from this resume text for a professional profile. Retur'
2026-03-16 10:35:09,990 - resume_analyzer - INFO - Calling Groq API with model: llama-3.1-8b-instant (max_retries: 3)
2026-03-16 10:35:12,312 - document_generator - INFO - Starting Expert AI Tailoring Pipeline...
2026-03-16 10:35:12,327 - resume_analyzer - INFO - [GROQ CALL] json_mode=True model=llama-3.1-8b-instant prompt_has_json=True prompt_start='\nExtract structured data from this resume text for a professional profile. Retur'
2026-03-16 10:35:12,328 - resume_analyzer - INFO - Calling Groq API with model: llama-3.1-8b-instant (max_retries: 3)
2026-03-16 10:35:14,800 - resume_analyzer - INFO - Calling Groq API with model: llama-3.3-70b-versatile (max_retries: 3)
2026-03-16 10:35:22,970 - document_generator - INFO - Expert AI Tailoring complete.
2026-03-16 10:35:22,993 - resume_analyzer - INFO - Calling Groq API with model: llama-3.3-70b-versatile (max_retries: 3)
2026-03-16 14:00:12,350 - resume_analyzer - INFO - [GROQ CALL] json_mode=True model=llama-3.1-8b-instant prompt_has_json=True prompt_start='\nExtract structured data from this resume text for a professional profile. Retur'
2026-03-16 14:00:12,371 - resume_analyzer - INFO - Calling Groq API with model: llama-3.1-8b-instant (max_retries: 3)
2026-03-16 14:00:14,617 - document_generator - INFO - Starting Expert AI Tailoring Pipeline...
2026-03-16 14:00:14,628 - resume_analyzer - INFO - [GROQ CALL] json_mode=True model=llama-3.1-8b-instant prompt_has_json=True prompt_start='\nExtract structured data from this resume text for a professional profile. Retur'
2026-03-16 14:00:14,631 - resume_analyzer - INFO - Calling Groq API with model: llama-3.1-8b-instant (max_retries: 3)
2026-03-16 14:00:17,003 - resume_analyzer - INFO - Calling Groq API with model: llama-3.3-70b-versatile (max_retries: 3)
2026-03-16 14:00:25,689 - document_generator - INFO - Expert AI Tailoring complete.
2026-03-16 14:00:25,707 - resume_analyzer - INFO - Calling Groq API with model: llama-3.3-70b-versatile (max_retries: 3)
2026-03-16 14:23:54,023 - resume_analyzer - INFO - [GROQ CALL] json_mode=True model=llama-3.1-8b-instant prompt_has_json=True prompt_start='\nExtract structured data from this resume text for a professional profile. Retur'
2026-03-16 14:23:54,025 - resume_analyzer - INFO - Calling Groq API with model: llama-3.1-8b-instant (max_retries: 3)
2026-03-16 14:23:56,905 - document_generator - INFO - Starting Expert AI Tailoring Pipeline...
2026-03-16 14:23:56,908 - resume_analyzer - INFO - [GROQ CALL] json_mode=True model=llama-3.1-8b-instant prompt_has_json=True prompt_start='\nExtract structured data from this resume text for a professional profile. Retur'
2026-03-16 14:23:56,909 - resume_analyzer - INFO - Calling Groq API with model: llama-3.1-8b-instant (max_retries: 3)
2026-03-16 14:23:59,056 - resume_analyzer - INFO - Calling Groq API with model: llama-3.3-70b-versatile (max_retries: 3)
2026-03-16 14:24:07,512 - document_generator - INFO - Expert AI Tailoring complete.
2026-03-16 14:24:07,527 - resume_analyzer - INFO - Calling Groq API with model: llama-3.3-70b-versatile (max_retries: 3)
2026-03-16 14:24:38,835 - resume_analyzer - INFO - [GROQ CALL] json_mode=True model=llama-3.1-8b-instant prompt_has_json=True prompt_start='\nExtract structured data from this resume text for a professional profile. Retur'
2026-03-16 14:24:38,835 - resume_analyzer - INFO - Calling Groq API with model: llama-3.1-8b-instant (max_retries: 3)
2026-03-16 14:24:41,633 - document_generator - INFO - Starting Expert AI Tailoring Pipeline...
2026-03-16 14:24:41,633 - resume_analyzer - INFO - [GROQ CALL] json_mode=True model=llama-3.1-8b-instant prompt_has_json=True prompt_start='\nExtract structured data from this resume text for a professional profile. Retur'
2026-03-16 14:24:41,634 - resume_analyzer - INFO - Calling Groq API with model: llama-3.1-8b-instant (max_retries: 3)
2026-03-16 14:24:44,049 - resume_analyzer - INFO - Calling Groq API with model: llama-3.3-70b-versatile (max_retries: 3)
2026-03-16 14:24:52,938 - document_generator - INFO - Expert AI Tailoring complete.
2026-03-16 14:24:52,954 - resume_analyzer - INFO - Calling Groq API with model: llama-3.3-70b-versatile (max_retries: 3)
2026-03-16 14:30:33,832 - resume_analyzer - INFO - [GROQ CALL] json_mode=True model=llama-3.1-8b-instant prompt_has_json=True prompt_start='\nExtract structured data from this resume text for a professional profile. Retur'
2026-03-16 14:30:33,836 - resume_analyzer - INFO - Calling Groq API with model: llama-3.1-8b-instant (max_retries: 3)
2026-03-16 14:30:35,903 - document_generator - INFO - Starting Expert AI Tailoring Pipeline...
2026-03-16 14:30:35,905 - resume_analyzer - INFO - [GROQ CALL] json_mode=True model=llama-3.1-8b-instant prompt_has_json=True prompt_start='\nExtract structured data from this resume text for a professional profile. Retur'
2026-03-16 14:30:35,906 - resume_analyzer - INFO - Calling Groq API with model: llama-3.1-8b-instant (max_retries: 3)
2026-03-16 14:30:37,937 - resume_analyzer - INFO - Calling Groq API with model: llama-3.3-70b-versatile (max_retries: 3)
2026-03-16 14:30:47,021 - document_generator - INFO - Expert AI Tailoring complete.
2026-03-16 14:30:47,039 - resume_analyzer - INFO - Calling Groq API with model: llama-3.3-70b-versatile (max_retries: 3)
2026-03-16 14:35:09,255 - resume_analyzer - INFO - [GROQ CALL] json_mode=True model=llama-3.1-8b-instant prompt_has_json=True prompt_start='\nExtract structured data from this resume text for a professional profile. Retur'
2026-03-16 14:35:09,256 - resume_analyzer - INFO - Calling Groq API with model: llama-3.1-8b-instant (max_retries: 3)
2026-03-16 14:35:11,338 - document_generator - INFO - Starting Expert AI Tailoring Pipeline...
2026-03-16 14:35:11,339 - resume_analyzer - INFO - [GROQ CALL] json_mode=True model=llama-3.1-8b-instant prompt_has_json=True prompt_start='\nExtract structured data from this resume text for a professional profile. Retur'
2026-03-16 14:35:11,340 - resume_analyzer - INFO - Calling Groq API with model: llama-3.1-8b-instant (max_retries: 3)
2026-03-16 14:35:13,932 - resume_analyzer - INFO - Calling Groq API with model: llama-3.3-70b-versatile (max_retries: 3)
2026-03-16 14:35:22,193 - document_generator - INFO - Expert AI Tailoring complete.
2026-03-16 14:35:22,208 - resume_analyzer - INFO - Calling Groq API with model: llama-3.3-70b-versatile (max_retries: 3)
2026-03-18 08:19:28,612 - resume_analyzer - INFO - [GROQ CALL] json_mode=False model=llama-3.1-8b-instant prompt_has_json=True prompt_start='Extract job details from the following raw text scraped from https://www.linkedi'
2026-03-18 08:19:28,616 - resume_analyzer - INFO - Calling Groq API with model: llama-3.1-8b-instant (max_retries: 3)
2026-03-18 08:19:33,445 - resume_analyzer - INFO - [GROQ CALL] json_mode=True model=llama-3.1-8b-instant prompt_has_json=True prompt_start='\nExtract structured data from this resume text for a professional profile. Retur'
2026-03-18 08:19:33,446 - resume_analyzer - INFO - Calling Groq API with model: llama-3.1-8b-instant (max_retries: 3)
2026-03-18 08:19:36,242 - document_generator - INFO - Starting Expert AI Tailoring Pipeline...
2026-03-18 08:19:36,243 - resume_analyzer - INFO - [GROQ CALL] json_mode=True model=llama-3.1-8b-instant prompt_has_json=True prompt_start='\nExtract structured data from this resume text for a professional profile. Retur'
2026-03-18 08:19:36,244 - resume_analyzer - INFO - Calling Groq API with model: llama-3.1-8b-instant (max_retries: 3)
2026-03-18 08:19:38,500 - resume_analyzer - INFO - Calling Groq API with model: llama-3.3-70b-versatile (max_retries: 3)
2026-03-18 08:19:47,827 - document_generator - INFO - Expert AI Tailoring complete.
2026-03-18 08:19:47,846 - resume_analyzer - INFO - Calling Groq API with model: llama-3.3-70b-versatile (max_retries: 3)
2026-03-19 09:43:30,233 - resume_analyzer - ERROR - DeepSeek API error 402: {"error":{"message":"Insufficient Balance","type":"unknown_error","param":null,"code":"invalid_request_error"}}
2026-03-19 09:43:30,252 - resume_analyzer - WARNING - DeepSeek API failed or not configured, falling back to Groq
2026-03-19 09:43:30,253 - resume_analyzer - INFO - [GROQ CALL] json_mode=True model=llama-3.1-8b-instant prompt_has_json=True prompt_start='\nExtract structured data from this resume text for a professional profile. Retur'
2026-03-19 09:43:30,255 - resume_analyzer - INFO - Calling Groq API with model: llama-3.1-8b-instant (max_retries: 3)
2026-03-19 09:43:33,473 - document_generator - INFO - Starting Expert AI Tailoring Pipeline...
2026-03-19 09:43:34,306 - resume_analyzer - ERROR - DeepSeek API error 402: {"error":{"message":"Insufficient Balance","type":"unknown_error","param":null,"code":"invalid_request_error"}}
2026-03-19 09:43:34,308 - resume_analyzer - WARNING - DeepSeek API failed or not configured, falling back to Groq
2026-03-19 09:43:34,309 - resume_analyzer - INFO - [GROQ CALL] json_mode=True model=llama-3.1-8b-instant prompt_has_json=True prompt_start='\nExtract structured data from this resume text for a professional profile. Retur'
2026-03-19 09:43:34,311 - resume_analyzer - INFO - Calling Groq API with model: llama-3.1-8b-instant (max_retries: 3)
2026-03-19 09:43:37,476 - resume_analyzer - ERROR - DeepSeek API error 402: {"error":{"message":"Insufficient Balance","type":"unknown_error","param":null,"code":"invalid_request_error"}}
2026-03-19 09:43:37,478 - resume_analyzer - WARNING - DeepSeek API failed or not configured, falling back to Groq
2026-03-19 09:43:37,541 - resume_analyzer - INFO - Calling Groq API with model: llama-3.3-70b-versatile (max_retries: 3)
2026-03-19 09:43:47,444 - document_generator - INFO - Expert AI Tailoring complete.
2026-03-19 09:43:48,258 - resume_analyzer - ERROR - DeepSeek API error 402: {"error":{"message":"Insufficient Balance","type":"unknown_error","param":null,"code":"invalid_request_error"}}
2026-03-19 09:43:48,260 - resume_analyzer - WARNING - DeepSeek API failed or not configured, falling back to Groq
2026-03-19 09:43:48,284 - resume_analyzer - INFO - Calling Groq API with model: llama-3.3-70b-versatile (max_retries: 3)
2026-03-20 16:04:12,437 - resume_analyzer - INFO - [GROQ CALL] json_mode=False model=llama-3.1-8b-instant prompt_has_json=True prompt_start='Extract job details from the following raw text scraped from https://www.linkedi'
2026-03-20 16:04:12,446 - resume_analyzer - INFO - Calling Groq API with model: llama-3.1-8b-instant (max_retries: 3)
2026-03-20 16:06:29,085 - resume_analyzer - INFO - [GROQ CALL] json_mode=False model=llama-3.1-8b-instant prompt_has_json=True prompt_start='Extract job details from the following raw text scraped from https://www.linkedi'
2026-03-20 16:06:29,086 - resume_analyzer - INFO - Calling Groq API with model: llama-3.1-8b-instant (max_retries: 3)
2026-03-20 16:06:54,489 - resume_analyzer - INFO - [GROQ CALL] json_mode=False model=llama-3.1-8b-instant prompt_has_json=True prompt_start='Extract job details from the following raw text scraped from https://www.linkedi'
2026-03-20 16:06:54,489 - resume_analyzer - INFO - Calling Groq API with model: llama-3.1-8b-instant (max_retries: 3)
2026-03-20 16:13:42,142 - resume_analyzer - INFO - [GROQ CALL] json_mode=False model=llama-3.1-8b-instant prompt_has_json=True prompt_start='Extract job details from the following raw text scraped from https://www.linkedi'
2026-03-20 16:13:42,144 - resume_analyzer - INFO - Calling Groq API with model: llama-3.1-8b-instant (max_retries: 3)
2026-03-20 16:13:47,933 - resume_analyzer - INFO - [GROQ CALL] json_mode=True model=llama-3.1-8b-instant prompt_has_json=True prompt_start='\nExtract structured data from this resume text for a professional profile. Retur'
2026-03-20 16:13:47,934 - resume_analyzer - INFO - Calling Groq API with model: llama-3.1-8b-instant (max_retries: 3)
2026-03-20 16:13:50,243 - document_generator - INFO - Starting Expert AI Tailoring Pipeline...
2026-03-20 16:13:51,470 - resume_analyzer - WARNING - DeepSeek API returned 402 (Insufficient Balance). Circuit-breaker tripped — all calls will fall back to Groq. Top up your DeepSeek account at https://platform.deepseek.com/
2026-03-20 16:13:51,476 - resume_analyzer - WARNING - DeepSeek unavailable, falling back to Groq
2026-03-20 16:13:51,477 - resume_analyzer - INFO - [GROQ CALL] json_mode=True model=default prompt_has_json=True prompt_start='\nTailor this resume for the job description below. Follow every rule in the syst'
2026-03-20 16:13:51,479 - resume_analyzer - INFO - Calling Groq API with model: llama-3.3-70b-versatile (max_retries: 3)
2026-03-20 16:13:55,835 - document_generator - INFO - Expert AI Tailoring complete.
2026-03-20 16:13:55,916 - resume_analyzer - INFO - Calling Groq API with model: llama-3.3-70b-versatile (max_retries: 3)
2026-03-20 16:17:21,094 - resume_analyzer - INFO - [GROQ CALL] json_mode=False model=llama-3.1-8b-instant prompt_has_json=True prompt_start='Extract job details from the following raw text scraped from https://www.linkedi'
2026-03-20 16:17:21,095 - resume_analyzer - INFO - Calling Groq API with model: llama-3.1-8b-instant (max_retries: 3)
2026-03-20 16:18:22,623 - resume_analyzer - INFO - [GROQ CALL] json_mode=True model=llama-3.1-8b-instant prompt_has_json=True prompt_start='\nExtract structured data from this resume text for a professional profile. Retur'
2026-03-20 16:18:22,624 - resume_analyzer - INFO - Calling Groq API with model: llama-3.1-8b-instant (max_retries: 3)
2026-03-20 16:18:25,962 - document_generator - INFO - Starting Expert AI Tailoring Pipeline...
2026-03-20 16:18:25,965 - resume_analyzer - INFO - [GROQ CALL] json_mode=True model=default prompt_has_json=True prompt_start='\nTailor this resume for the job description below. Follow every rule in the syst'
2026-03-20 16:18:25,966 - resume_analyzer - INFO - Calling Groq API with model: llama-3.3-70b-versatile (max_retries: 3)
2026-03-20 16:18:30,703 - document_generator - INFO - Expert AI Tailoring complete.
2026-03-20 16:18:30,740 - resume_analyzer - INFO - Calling Groq API with model: llama-3.3-70b-versatile (max_retries: 3)
2026-03-20 17:03:58,696 - resume_analyzer - INFO - [GROQ CALL] json_mode=False model=llama-3.1-8b-instant prompt_has_json=True prompt_start='Extract job details from the following raw text scraped from https://www.linkedi'
2026-03-20 17:03:58,699 - resume_analyzer - INFO - Calling Groq API with model: llama-3.1-8b-instant (max_retries: 3)
2026-03-20 17:04:00,380 - resume_analyzer - INFO - [GROQ CALL] json_mode=True model=llama-3.1-8b-instant prompt_has_json=True prompt_start='\nExtract structured data from this resume text for a professional profile. Retur'
2026-03-20 17:04:00,382 - resume_analyzer - INFO - Calling Groq API with model: llama-3.1-8b-instant (max_retries: 3)
2026-03-20 17:04:03,116 - document_generator - INFO - Starting Expert AI Tailoring Pipeline...
2026-03-20 17:04:04,651 - resume_analyzer - WARNING - DeepSeek API returned 402 (Insufficient Balance). Circuit-breaker tripped — all calls will fall back to Groq. Top up your DeepSeek account at https://platform.deepseek.com/
2026-03-20 17:04:04,654 - resume_analyzer - WARNING - DeepSeek unavailable, falling back to Groq
2026-03-20 17:04:04,656 - resume_analyzer - INFO - [GROQ CALL] json_mode=True model=default prompt_has_json=True prompt_start='\nTailor this resume for the job description below. Follow every rule in the syst'
2026-03-20 17:04:04,657 - resume_analyzer - INFO - Calling Groq API with model: llama-3.3-70b-versatile (max_retries: 3)
2026-03-20 17:04:08,423 - document_generator - INFO - Expert AI Tailoring complete.
2026-03-20 17:04:08,509 - resume_analyzer - INFO - Calling Groq API with model: llama-3.3-70b-versatile (max_retries: 3)
2026-03-21 09:03:55,835 - resume_analyzer - INFO - [GROQ CALL] json_mode=False model=llama-3.1-8b-instant prompt_has_json=True prompt_start='Extract job details from the following raw text scraped from https://www.linkedi'
2026-03-21 09:03:55,840 - resume_analyzer - INFO - Calling Groq API with model: llama-3.1-8b-instant (max_retries: 3)
2026-03-21 09:04:02,749 - resume_analyzer - INFO - [GROQ CALL] json_mode=False model=llama-3.1-8b-instant prompt_has_json=True prompt_start='Extract job details from the following raw text scraped from https://www.linkedi'
2026-03-21 09:04:02,750 - resume_analyzer - INFO - Calling Groq API with model: llama-3.1-8b-instant (max_retries: 3)
2026-03-21 15:17:14,739 - resume_analyzer - INFO - [GROQ CALL] json_mode=True model=llama-3.1-8b-instant prompt_has_json=True prompt_start='\nExtract structured data from this resume text for a professional profile. Retur'
2026-03-21 15:17:14,743 - resume_analyzer - INFO - Calling Groq API with model: llama-3.1-8b-instant (max_retries: 3)
2026-03-21 15:17:17,730 - document_generator - INFO - Starting Expert AI Tailoring Pipeline...
2026-03-21 15:17:18,546 - resume_analyzer - WARNING - DeepSeek API returned 402 (Insufficient Balance). Circuit-breaker tripped — all calls will fall back to Groq. Top up your DeepSeek account at https://platform.deepseek.com/
2026-03-21 15:17:18,552 - resume_analyzer - WARNING - DeepSeek unavailable, falling back to Groq
2026-03-21 15:17:18,553 - resume_analyzer - INFO - [GROQ CALL] json_mode=True model=default prompt_has_json=True prompt_start='\nTailor this resume for the job description below. Follow every rule in the syst'
2026-03-21 15:17:18,553 - resume_analyzer - INFO - Calling Groq API with model: llama-3.3-70b-versatile (max_retries: 3)
2026-03-21 15:17:25,498 - document_generator - INFO - Expert AI Tailoring complete.
2026-03-21 15:17:25,560 - resume_analyzer - INFO - Calling Groq API with model: llama-3.3-70b-versatile (max_retries: 3)
2026-03-24 12:20:32,563 - resume_analyzer - INFO - [GROQ CALL] json_mode=False model=llama-3.1-8b-instant prompt_has_json=True prompt_start='Extract job details from the following raw text scraped from https://www.linkedi'
2026-03-24 12:20:32,570 - resume_analyzer - INFO - Calling Groq API with model: llama-3.1-8b-instant (max_retries: 3)
2026-03-24 12:20:41,345 - resume_analyzer - INFO - [GROQ CALL] json_mode=False model=llama-3.1-8b-instant prompt_has_json=True prompt_start='Extract job details from the following raw text scraped from https://www.linkedi'
2026-03-24 12:20:41,345 - resume_analyzer - INFO - Calling Groq API with model: llama-3.1-8b-instant (max_retries: 3)
2026-03-24 13:17:49,616 - resume_analyzer - INFO - [GROQ CALL] json_mode=False model=llama-3.1-8b-instant prompt_has_json=True prompt_start='Extract job details from the following raw text scraped from https://jobs.ashbyh'
2026-03-24 13:17:49,688 - resume_analyzer - INFO - Calling Groq API with model: llama-3.1-8b-instant (max_retries: 3)
2026-03-24 13:17:49,744 - resume_analyzer - INFO - [GROQ CALL] json_mode=False model=llama-3.1-8b-instant prompt_has_json=True prompt_start='Extract job details from the following raw text scraped from https://jobs.ashbyh'
2026-03-24 13:17:49,745 - resume_analyzer - INFO - Calling Groq API with model: llama-3.1-8b-instant (max_retries: 3)
2026-03-24 13:40:57,652 - resume_analyzer - INFO - [GROQ CALL] json_mode=False model=llama-3.1-8b-instant prompt_has_json=True prompt_start='Extract job details from the following raw text scraped from https://jobs.ashbyh'
2026-03-24 13:40:57,654 - resume_analyzer - INFO - Calling Groq API with model: llama-3.1-8b-instant (max_retries: 3)
2026-03-24 13:40:57,676 - resume_analyzer - INFO - [GROQ CALL] json_mode=False model=llama-3.1-8b-instant prompt_has_json=True prompt_start='Extract job details from the following raw text scraped from https://jobs.ashbyh'
2026-03-24 13:40:57,676 - resume_analyzer - INFO - Calling Groq API with model: llama-3.1-8b-instant (max_retries: 3)
2026-03-27 11:35:24,772 - resume_analyzer - INFO - [GROQ CALL] json_mode=False model=llama-3.1-8b-instant prompt_has_json=True prompt_start='Extract job details from the following raw text scraped from https://jobs.ashbyh'
2026-03-27 11:35:24,787 - resume_analyzer - INFO - Calling Groq API with model: llama-3.1-8b-instant (max_retries: 3)
2026-03-27 11:35:24,808 - resume_analyzer - INFO - [GROQ CALL] json_mode=False model=llama-3.1-8b-instant prompt_has_json=True prompt_start='Extract job details from the following raw text scraped from https://jobs.ashbyh'
2026-03-27 11:35:24,809 - resume_analyzer - INFO - Calling Groq API with model: llama-3.1-8b-instant (max_retries: 3)
2026-04-06 22:39:53,527 - resume_analyzer - INFO - [GROQ CALL] json_mode=False model=llama-3.1-8b-instant prompt_has_json=True prompt_start='Extract job details from the following raw text scraped from https://jobs.ashbyh'
2026-04-06 22:39:53,543 - resume_analyzer - INFO - Calling Groq API with model: llama-3.1-8b-instant (max_retries: 3)
2026-04-06 22:39:55,199 - resume_analyzer - INFO - [GROQ CALL] json_mode=False model=llama-3.1-8b-instant prompt_has_json=True prompt_start='Extract job details from the following raw text scraped from https://jobs.ashbyh'
2026-04-06 22:39:55,204 - resume_analyzer - INFO - Calling Groq API with model: llama-3.1-8b-instant (max_retries: 3)
2026-04-07 08:56:21,251 - resume_analyzer - INFO - [GROQ CALL] json_mode=True model=llama-3.1-8b-instant prompt_has_json=True prompt_start='\nYou are an expert ATS (Applicant Tracking System) and resume analyst. Analyze t'
2026-04-07 08:56:21,261 - resume_analyzer - INFO - Calling Groq API with model: llama-3.1-8b-instant (max_retries: 3)
2026-04-07 08:56:23,527 - resume_analyzer - INFO - [MasterResume] Calling Groq to generate exhaustive Ivy League resume for ML / AI Engineer...
2026-04-07 08:56:23,528 - resume_analyzer - INFO - [GROQ CALL] json_mode=False model=llama-3.3-70b-versatile prompt_has_json=False prompt_start='\nYou are an ELITE Ivy League Career Strategist and ATS System Architect.\nYour go'
2026-04-07 08:56:23,528 - resume_analyzer - INFO - Calling Groq API with model: llama-3.3-70b-versatile (max_retries: 3)
2026-04-07 09:00:17,099 - resume_analyzer - INFO - [GROQ CALL] json_mode=True model=llama-3.1-8b-instant prompt_has_json=True prompt_start='\nYou are an expert ATS (Applicant Tracking System) and resume analyst. Analyze t'
2026-04-07 09:00:17,120 - resume_analyzer - INFO - Calling Groq API with model: llama-3.1-8b-instant (max_retries: 3)
2026-04-07 09:00:52,478 - resume_analyzer - INFO - [MasterResume] Calling Groq to generate exhaustive Ivy League resume for Software Architect...
2026-04-07 09:00:52,483 - resume_analyzer - INFO - [GROQ CALL] json_mode=False model=llama-3.3-70b-versatile prompt_has_json=False prompt_start='\nYou are an ELITE Ivy League Career Strategist and ATS System Architect.\nYour go'
2026-04-07 09:00:52,484 - resume_analyzer - INFO - Calling Groq API with model: llama-3.3-70b-versatile (max_retries: 3)
2026-04-07 09:00:57,881 - resume_analyzer - INFO - [MasterResume] Successfully generated resume for Software Architect
2026-04-08 09:56:38,181 - resume_analyzer - INFO - [MasterResume] Calling Groq to generate exhaustive Ivy League resume for AI Engineer...
2026-04-08 09:56:38,202 - resume_analyzer - INFO - [GROQ CALL] json_mode=False model=llama-3.3-70b-versatile prompt_has_json=False prompt_start='\nYou are an ELITE Ivy League Career Strategist and ATS System Architect.\nYour go'
2026-04-08 09:56:38,203 - resume_analyzer - INFO - Calling Groq API with model: llama-3.3-70b-versatile (max_retries: 3)
2026-04-08 09:56:44,502 - resume_analyzer - INFO - [MasterResume] Successfully generated resume for AI Engineer
2026-04-08 10:01:27,521 - resume_analyzer - INFO - [MasterResume] Calling Groq to generate exhaustive Ivy League resume for Senior Software Engineer...
2026-04-08 10:01:27,522 - resume_analyzer - INFO - [GROQ CALL] json_mode=False model=llama-3.3-70b-versatile prompt_has_json=False prompt_start='\nYou are an ELITE Ivy League Career Strategist and ATS System Architect.\nYour go'
2026-04-08 10:01:27,523 - resume_analyzer - INFO - Calling Groq API with model: llama-3.3-70b-versatile (max_retries: 3)
2026-04-08 10:01:32,775 - resume_analyzer - INFO - [MasterResume] Successfully generated resume for Senior Software Engineer
2026-04-08 10:12:46,371 - resume_analyzer - INFO - [MasterResume] Calling Groq to generate exhaustive institutional resume for Lead AI Solutions Architect...
2026-04-08 10:12:46,372 - resume_analyzer - INFO - [GROQ CALL] json_mode=False model=llama-3.3-70b-versatile prompt_has_json=False prompt_start='\nYou are an ELITE Institutional Career Strategist and ATS System Architect.\nYour'
2026-04-08 10:12:46,372 - resume_analyzer - INFO - Calling Groq API with model: llama-3.3-70b-versatile (max_retries: 3)
2026-04-08 10:12:51,408 - resume_analyzer - INFO - [MasterResume] Successfully generated resume for Lead AI Solutions Architect
2026-04-08 10:21:53,072 - resume_analyzer - INFO - [MasterResume] Calling Groq to generate exhaustive institutional resume for ai engineer...
2026-04-08 10:21:53,078 - resume_analyzer - INFO - [GROQ CALL] json_mode=False model=llama-3.3-70b-versatile prompt_has_json=False prompt_start='\nYou are an ELITE Institutional Career Strategist and ATS System Architect.\nYour'
2026-04-08 10:21:53,078 - resume_analyzer - INFO - Calling Groq API with model: llama-3.3-70b-versatile (max_retries: 3)
2026-04-08 10:21:59,526 - resume_analyzer - INFO - [MasterResume] Successfully generated resume for ai engineer
2026-04-08 10:36:00,975 - resume_analyzer - INFO - [MasterResume] Calling Groq to generate exhaustive institutional resume for ai engineer...
2026-04-08 10:36:00,976 - resume_analyzer - INFO - [GROQ CALL] json_mode=False model=llama-3.3-70b-versatile prompt_has_json=False prompt_start='\nYou are an ELITE Institutional Career Strategist and ATS System Architect.\nYour'
2026-04-08 10:36:00,977 - resume_analyzer - INFO - Calling Groq API with model: llama-3.3-70b-versatile (max_retries: 3)
2026-04-08 10:36:07,237 - resume_analyzer - INFO - [MasterResume] Successfully generated resume for ai engineer
2026-04-08 10:39:26,800 - resume_analyzer - INFO - [MasterResume] Calling Groq to generate exhaustive institutional resume for AI Engineer...
2026-04-08 10:39:26,804 - resume_analyzer - INFO - [GROQ CALL] json_mode=False model=llama-3.3-70b-versatile prompt_has_json=False prompt_start='\nYou are an ELITE Institutional Career Strategist and ATS System Architect.\nYour'
2026-04-08 10:39:26,806 - resume_analyzer - INFO - Calling Groq API with model: llama-3.3-70b-versatile (max_retries: 3)
2026-04-08 10:39:31,700 - resume_analyzer - INFO - [MasterResume] Successfully generated resume for AI Engineer
2026-04-08 10:49:20,773 - resume_analyzer - INFO - [MasterResume] Calling Groq to generate exhaustive institutional resume for AI Engineer...
2026-04-08 10:49:20,774 - resume_analyzer - INFO - [GROQ CALL] json_mode=False model=llama-3.3-70b-versatile prompt_has_json=False prompt_start='\nYou are an ELITE Institutional Career Strategist and ATS System Architect.\nYour'
2026-04-08 10:49:20,774 - resume_analyzer - INFO - Calling Groq API with model: llama-3.3-70b-versatile (max_retries: 3)
2026-04-08 10:49:27,857 - resume_analyzer - INFO - [MasterResume] Successfully generated resume for AI Engineer
2026-04-08 10:56:03,588 - resume_analyzer - INFO - [MasterResume] Calling Groq to generate exhaustive institutional resume for AI Engineer...
2026-04-08 10:56:03,591 - resume_analyzer - INFO - [GROQ CALL] json_mode=False model=llama-3.3-70b-versatile prompt_has_json=False prompt_start='\nYou are an ELITE Institutional Career Strategist and ATS System Architect.\nYour'
2026-04-08 10:56:03,594 - resume_analyzer - INFO - Calling Groq API with model: llama-3.3-70b-versatile (max_retries: 3)
2026-04-08 10:56:10,761 - resume_analyzer - INFO - [MasterResume] Successfully generated resume for AI Engineer
2026-04-08 14:36:08,648 - resume_analyzer - INFO - [MasterResume] Calling Groq to generate exhaustive institutional resume for AI Engineer...
2026-04-08 14:36:08,650 - resume_analyzer - INFO - [GROQ CALL] json_mode=False model=llama-3.3-70b-versatile prompt_has_json=False prompt_start='\nAct as a BRUTALLY HONEST senior technical recruiter and resume strategist who h'
2026-04-08 14:36:08,651 - resume_analyzer - INFO - Calling Groq API with model: llama-3.3-70b-versatile (max_retries: 3)
2026-04-08 14:36:15,574 - resume_analyzer - INFO - [MasterResume] Successfully generated resume for AI Engineer
2026-04-09 00:17:54,989 - resume_analyzer - INFO - [GROQ CALL] json_mode=True model=llama-3.1-8b-instant prompt_has_json=True prompt_start='\nExtract structured data from this resume text for a professional profile. Retur'
2026-04-09 00:17:54,995 - resume_analyzer - INFO - Calling Groq API with model: llama-3.1-8b-instant (max_retries: 3)
2026-04-09 00:51:35,041 - resume_analyzer - INFO - [GROQ CALL] json_mode=True model=llama-3.1-8b-instant prompt_has_json=True prompt_start='\nExtract structured data from this resume text for a professional profile. Retur'
2026-04-09 00:51:35,048 - resume_analyzer - INFO - Calling Groq API with model: llama-3.1-8b-instant (max_retries: 3)
2026-04-09 01:07:21,709 - resume_analyzer - INFO - [GROQ CALL] json_mode=True model=llama-3.1-8b-instant prompt_has_json=True prompt_start='\nExtract structured data from this resume text for a professional profile. Retur'
2026-04-09 01:07:21,736 - resume_analyzer - INFO - Calling Groq API with model: llama-3.1-8b-instant (max_retries: 3)
2026-04-09 01:08:57,183 - resume_analyzer - INFO - [GROQ CALL] json_mode=True model=llama-3.1-8b-instant prompt_has_json=True prompt_start='\nExtract structured data from this resume text for a professional profile. Retur'
2026-04-09 01:08:57,184 - resume_analyzer - INFO - Calling Groq API with model: llama-3.1-8b-instant (max_retries: 3)
2026-04-09 13:54:38,836 - resume_analyzer - INFO - [GROQ CALL] json_mode=True model=llama-3.3-70b-versatile prompt_has_json=True prompt_start='\nExtract structured data from this resume text for a professional profile. Retur'
2026-04-09 13:54:38,840 - resume_analyzer - INFO - Calling Groq API with model: llama-3.3-70b-versatile (max_retries: 3)
2026-04-09 14:23:54,169 - resume_analyzer - INFO - [GROQ CALL] json_mode=True model=llama-3.3-70b-versatile prompt_has_json=True prompt_start='\nExtract structured data from this resume text for a professional profile. Retur'
2026-04-09 14:23:54,172 - resume_analyzer - INFO - Calling Groq API with model: llama-3.3-70b-versatile (max_retries: 3)
2026-04-09 15:03:54,104 - resume_analyzer - INFO - [GROQ CALL] json_mode=True model=llama-3.3-70b-versatile prompt_has_json=True prompt_start='\nExtract structured data from this resume text for a professional profile. Retur'
2026-04-09 15:03:54,105 - resume_analyzer - INFO - Calling Groq API with model: llama-3.3-70b-versatile (max_retries: 3)
2026-04-09 22:59:17,014 - resume_analyzer - INFO - [GROQ CALL] json_mode=True model=llama-3.3-70b-versatile prompt_has_json=True prompt_start='\nExtract structured data from this resume text for a professional profile. Retur'
2026-04-09 22:59:17,016 - resume_analyzer - INFO - Calling Groq API with model: llama-3.3-70b-versatile (max_retries: 3)
2026-04-09 23:32:39,427 - resume_analyzer - INFO - [GROQ CALL] json_mode=True model=llama-3.3-70b-versatile prompt_has_json=True prompt_start='\nExtract structured data from this resume text for a professional profile. Retur'
2026-04-09 23:32:39,429 - resume_analyzer - INFO - Calling Groq API with model: llama-3.3-70b-versatile (max_retries: 3)
2026-04-09 23:47:02,813 - resume_analyzer - INFO - [GROQ CALL] json_mode=True model=llama-3.3-70b-versatile prompt_has_json=True prompt_start='\nExtract structured data from this resume text for a professional profile. Retur'
2026-04-09 23:47:02,814 - resume_analyzer - INFO - Calling Groq API with model: llama-3.3-70b-versatile (max_retries: 3)
2026-04-09 23:55:59,003 - resume_analyzer - INFO - [GROQ CALL] json_mode=True model=llama-3.3-70b-versatile prompt_has_json=True prompt_start='\nExtract structured data from this resume text for a professional profile. Retur'
2026-04-09 23:55:59,004 - resume_analyzer - INFO - Calling Groq API with model: llama-3.3-70b-versatile (max_retries: 3)
2026-04-10 00:46:51,199 - resume_analyzer - INFO - [GROQ CALL] json_mode=True model=llama-3.3-70b-versatile prompt_has_json=True prompt_start='\nExtract structured data from this resume text for a professional profile. Retur'
2026-04-10 00:46:51,200 - resume_analyzer - INFO - Calling Groq API with model: llama-3.3-70b-versatile (max_retries: 3)
2026-04-10 11:38:33,699 - resume_analyzer - INFO - [MasterResume] Calling Groq to generate exhaustive institutional resume for Software Engineer...
2026-04-10 11:38:33,720 - resume_analyzer - INFO - [GROQ CALL] json_mode=False model=llama-3.3-70b-versatile prompt_has_json=False prompt_start='\nAct as a BRUTALLY HONEST senior technical recruiter and resume strategist who h'
2026-04-10 11:38:33,721 - resume_analyzer - INFO - Calling Groq API with model: llama-3.3-70b-versatile (max_retries: 3)
2026-04-10 11:38:36,861 - resume_analyzer - INFO - [MasterResume] Successfully generated resume for Software Engineer
2026-04-10 11:40:06,101 - resume_analyzer - INFO - [MasterResume] Calling Groq to generate exhaustive institutional resume for ai engineer...
2026-04-10 11:40:06,101 - resume_analyzer - INFO - [GROQ CALL] json_mode=False model=llama-3.3-70b-versatile prompt_has_json=False prompt_start='\nAct as a BRUTALLY HONEST senior technical recruiter and resume strategist who h'
2026-04-10 11:40:06,101 - resume_analyzer - INFO - Calling Groq API with model: llama-3.3-70b-versatile (max_retries: 3)
2026-04-10 11:40:11,451 - resume_analyzer - INFO - [MasterResume] Successfully generated resume for ai engineer
2026-04-10 11:46:04,051 - resume_analyzer - INFO - [MasterResume] Calling Groq to generate exhaustive institutional resume for Senior Frontend Engineer...
2026-04-10 11:46:04,052 - resume_analyzer - INFO - [GROQ CALL] json_mode=False model=llama-3.3-70b-versatile prompt_has_json=False prompt_start='\nAct as a BRUTALLY HONEST senior technical recruiter and resume strategist who h'
2026-04-10 11:46:04,053 - resume_analyzer - INFO - Calling Groq API with model: llama-3.3-70b-versatile (max_retries: 3)
2026-04-10 11:46:07,199 - resume_analyzer - INFO - [MasterResume] Successfully generated resume for Senior Frontend Engineer
2026-04-10 11:54:06,604 - resume_analyzer - INFO - [MasterResume] Calling Groq to generate exhaustive institutional resume for Lead Cloud Architect...
2026-04-10 11:54:06,606 - resume_analyzer - INFO - [GROQ CALL] json_mode=False model=llama-3.3-70b-versatile prompt_has_json=False prompt_start='\nAct as a BRUTALLY HONEST senior technical recruiter and resume strategist who h'
2026-04-10 11:54:06,606 - resume_analyzer - INFO - Calling Groq API with model: llama-3.3-70b-versatile (max_retries: 3)
2026-04-10 11:54:09,720 - resume_analyzer - INFO - [MasterResume] Successfully generated resume for Lead Cloud Architect
2026-04-10 11:59:46,266 - resume_analyzer - INFO - [MasterResume] Calling Groq to generate exhaustive institutional resume for Software Engineer...
2026-04-10 11:59:46,269 - resume_analyzer - INFO - [GROQ CALL] json_mode=False model=llama-3.3-70b-versatile prompt_has_json=False prompt_start='\nAct as a BRUTALLY HONEST senior technical recruiter and resume strategist who h'
2026-04-10 11:59:46,269 - resume_analyzer - INFO - Calling Groq API with model: llama-3.3-70b-versatile (max_retries: 3)
2026-04-10 11:59:49,216 - resume_analyzer - INFO - [MasterResume] Successfully generated resume for Software Engineer
2026-04-10 12:35:27,116 - resume_analyzer - INFO - [GROQ CALL] json_mode=True model=llama-3.3-70b-versatile prompt_has_json=True prompt_start='\nExtract structured data from this resume text for a professional profile. Retur'
2026-04-10 12:35:27,117 - resume_analyzer - INFO - Calling Groq API with model: llama-3.3-70b-versatile (max_retries: 3)
2026-04-11 08:51:08,937 - resume_analyzer - INFO - [GROQ CALL] json_mode=True model=llama-3.3-70b-versatile prompt_has_json=True prompt_start='\nExtract structured data from this resume text for a professional profile. Retur'
2026-04-11 08:51:08,978 - resume_analyzer - INFO - Calling Groq API with model: llama-3.3-70b-versatile (max_retries: 3)
2026-04-12 11:37:13,758 - resume_analyzer - INFO - [GROQ CALL] json_mode=True model=llama-3.3-70b-versatile prompt_has_json=True prompt_start='\nExtract structured data from this resume text for a professional profile. Retur'
2026-04-12 11:37:13,761 - resume_analyzer - INFO - Calling Groq API with model: llama-3.3-70b-versatile (max_retries: 3)
2026-04-12 12:47:18,866 - resume_analyzer - INFO - [GROQ CALL] json_mode=True model=llama-3.3-70b-versatile prompt_has_json=True prompt_start='\nExtract structured data from this resume text for a professional profile. Retur'
2026-04-12 12:47:18,871 - resume_analyzer - INFO - Calling Groq API with model: llama-3.3-70b-versatile (max_retries: 3)
2026-04-14 09:27:56,875 - resume_analyzer - INFO - [GROQ CALL] json_mode=True model=llama-3.3-70b-versatile prompt_has_json=True prompt_start='\nExtract structured data from this resume text for a professional profile. Retur'
2026-04-14 09:27:56,879 - resume_analyzer - INFO - Calling Groq API with model: llama-3.3-70b-versatile (max_retries: 3)
2026-04-15 22:46:52,582 - resume_analyzer - INFO - AI Extraction started for resume text (length: 9554)
2026-04-15 22:46:52,594 - resume_analyzer - INFO - [GROQ CALL] json_mode=True model=llama-3.3-70b-versatile prompt_has_json=True prompt_start='\nExtract structured data from this resume text for a professional profile. Retur'
2026-04-15 22:46:52,594 - resume_analyzer - INFO - Calling Groq API with model: llama-3.3-70b-versatile (max_retries: 3)
2026-04-15 22:46:59,217 - resume_analyzer - INFO - AI Extraction started for resume text (length: 9554)
2026-04-15 22:46:59,219 - resume_analyzer - INFO - [GROQ CALL] json_mode=True model=llama-3.3-70b-versatile prompt_has_json=True prompt_start='\nExtract structured data from this resume text for a professional profile. Retur'
2026-04-15 22:46:59,220 - resume_analyzer - INFO - Calling Groq API with model: llama-3.3-70b-versatile (max_retries: 3)
2026-04-15 22:49:11,140 - resume_analyzer - INFO - AI Extraction started for resume text (length: 9554)
2026-04-15 22:49:11,142 - resume_analyzer - INFO - [GROQ CALL] json_mode=True model=llama-3.3-70b-versatile prompt_has_json=True prompt_start='\nExtract structured data from this resume text for a professional profile. Retur'
2026-04-15 22:49:11,142 - resume_analyzer - INFO - Calling Groq API with model: llama-3.3-70b-versatile (max_retries: 3)
2026-04-15 22:49:15,840 - resume_analyzer - INFO - AI Extraction started for resume text (length: 9554)
2026-04-15 22:49:15,840 - resume_analyzer - INFO - [GROQ CALL] json_mode=True model=llama-3.3-70b-versatile prompt_has_json=True prompt_start='\nExtract structured data from this resume text for a professional profile. Retur'
2026-04-15 22:49:15,840 - resume_analyzer - INFO - Calling Groq API with model: llama-3.3-70b-versatile (max_retries: 3)
2026-04-15 22:55:14,807 - resume_analyzer - INFO - AI Extraction started for resume text (length: 9554)
2026-04-15 22:55:14,807 - resume_analyzer - INFO - [GROQ CALL] json_mode=True model=llama-3.3-70b-versatile prompt_has_json=True prompt_start='\nExtract structured data from this resume text for a professional profile. Retur'
2026-04-15 22:55:14,808 - resume_analyzer - INFO - Calling Groq API with model: llama-3.3-70b-versatile (max_retries: 3)
2026-04-15 22:55:24,119 - resume_analyzer - INFO - AI Extraction started for resume text (length: 9554)
2026-04-15 22:55:24,119 - resume_analyzer - INFO - [GROQ CALL] json_mode=True model=llama-3.3-70b-versatile prompt_has_json=True prompt_start='\nExtract structured data from this resume text for a professional profile. Retur'
2026-04-15 22:55:24,119 - resume_analyzer - INFO - Calling Groq API with model: llama-3.3-70b-versatile (max_retries: 3)
2026-04-15 23:11:01,672 - resume_analyzer - INFO - AI Extraction started for resume text (length: 9554)
2026-04-15 23:11:01,672 - resume_analyzer - INFO - [GROQ CALL] json_mode=True model=llama-3.3-70b-versatile prompt_has_json=True prompt_start='\nExtract structured data from this resume text for a professional profile. Retur'
2026-04-15 23:11:01,672 - resume_analyzer - INFO - Calling Groq API with model: llama-3.3-70b-versatile (max_retries: 3)
2026-04-15 23:11:07,669 - resume_analyzer - INFO - AI Extraction started for resume text (length: 9554)
2026-04-15 23:11:07,670 - resume_analyzer - INFO - [GROQ CALL] json_mode=True model=llama-3.3-70b-versatile prompt_has_json=True prompt_start='\nExtract structured data from this resume text for a professional profile. Retur'
2026-04-15 23:11:07,670 - resume_analyzer - INFO - Calling Groq API with model: llama-3.3-70b-versatile (max_retries: 3)
2026-04-15 23:18:31,496 - resume_analyzer - INFO - AI Extraction started for resume text (length: 11766)
2026-04-15 23:18:31,496 - resume_analyzer - INFO - [GROQ CALL] json_mode=True model=llama-3.3-70b-versatile prompt_has_json=True prompt_start='\nExtract structured data from this resume text for a professional profile. Retur'
2026-04-15 23:18:31,496 - resume_analyzer - INFO - Calling Groq API with model: llama-3.3-70b-versatile (max_retries: 3)
2026-04-15 23:18:35,272 - resume_analyzer - INFO - AI Extraction started for resume text (length: 11766)
2026-04-15 23:18:35,273 - resume_analyzer - INFO - [GROQ CALL] json_mode=True model=llama-3.3-70b-versatile prompt_has_json=True prompt_start='\nExtract structured data from this resume text for a professional profile. Retur'
2026-04-15 23:18:35,274 - resume_analyzer - INFO - Calling Groq API with model: llama-3.3-70b-versatile (max_retries: 3)
2026-04-15 23:28:01,793 - resume_analyzer - INFO - AI Extraction started for resume text (length: 11766)
2026-04-15 23:28:01,793 - resume_analyzer - INFO - [GROQ CALL] json_mode=True model=llama-3.3-70b-versatile prompt_has_json=True prompt_start='\nExtract structured data from this resume text for a professional profile. Retur'
2026-04-15 23:28:01,793 - resume_analyzer - INFO - Calling Groq API with model: llama-3.3-70b-versatile (max_retries: 3)
2026-04-15 23:28:05,637 - resume_analyzer - INFO - AI Extraction started for resume text (length: 11766)
2026-04-15 23:28:05,637 - resume_analyzer - INFO - [GROQ CALL] json_mode=True model=llama-3.3-70b-versatile prompt_has_json=True prompt_start='\nExtract structured data from this resume text for a professional profile. Retur'
2026-04-15 23:28:05,637 - resume_analyzer - INFO - Calling Groq API with model: llama-3.3-70b-versatile (max_retries: 3)
2026-04-15 23:36:26,531 - resume_analyzer - INFO - AI Extraction started for resume text (length: 11766)
2026-04-15 23:36:26,532 - resume_analyzer - INFO - [GROQ CALL] json_mode=True model=llama-3.3-70b-versatile prompt_has_json=True prompt_start='\nExtract structured data from this resume text for a professional profile. Retur'
2026-04-15 23:36:26,532 - resume_analyzer - INFO - Calling Groq API with model: llama-3.3-70b-versatile (max_retries: 3)
2026-04-15 23:36:31,050 - resume_analyzer - INFO - AI Extraction started for resume text (length: 11766)
2026-04-15 23:36:31,051 - resume_analyzer - INFO - [GROQ CALL] json_mode=True model=llama-3.3-70b-versatile prompt_has_json=True prompt_start='\nExtract structured data from this resume text for a professional profile. Retur'
2026-04-15 23:36:31,052 - resume_analyzer - INFO - Calling Groq API with model: llama-3.3-70b-versatile (max_retries: 3)
2026-04-15 23:43:06,756 - resume_analyzer - INFO - AI Extraction started for resume text (length: 11766)
2026-04-15 23:43:06,756 - resume_analyzer - INFO - [GROQ CALL] json_mode=True model=llama-3.3-70b-versatile prompt_has_json=True prompt_start='\nExtract structured data from this resume text for a professional profile. Retur'
2026-04-15 23:43:06,756 - resume_analyzer - INFO - Calling Groq API with model: llama-3.3-70b-versatile (max_retries: 3)
2026-04-15 23:43:10,550 - resume_analyzer - INFO - AI Extraction started for resume text (length: 11766)
2026-04-15 23:43:10,550 - resume_analyzer - INFO - [GROQ CALL] json_mode=True model=llama-3.3-70b-versatile prompt_has_json=True prompt_start='\nExtract structured data from this resume text for a professional profile. Retur'
2026-04-15 23:43:10,550 - resume_analyzer - INFO - Calling Groq API with model: llama-3.3-70b-versatile (max_retries: 3)
2026-04-15 23:49:09,232 - resume_analyzer - INFO - AI Extraction started for resume text (length: 11766)
2026-04-15 23:49:09,232 - resume_analyzer - INFO - [GROQ CALL] json_mode=True model=llama-3.3-70b-versatile prompt_has_json=True prompt_start='\nExtract structured data from this resume text for a professional profile. Retur'
2026-04-15 23:49:09,232 - resume_analyzer - INFO - Calling Groq API with model: llama-3.3-70b-versatile (max_retries: 3)
2026-04-15 23:49:12,662 - resume_analyzer - INFO - AI Extraction started for resume text (length: 11766)
2026-04-15 23:49:12,664 - resume_analyzer - INFO - [GROQ CALL] json_mode=True model=llama-3.3-70b-versatile prompt_has_json=True prompt_start='\nExtract structured data from this resume text for a professional profile. Retur'
2026-04-15 23:49:12,664 - resume_analyzer - INFO - Calling Groq API with model: llama-3.3-70b-versatile (max_retries: 3)
2026-04-16 00:02:39,539 - resume_analyzer - INFO - AI Extraction started for resume text (length: 11766)
2026-04-16 00:02:39,540 - resume_analyzer - INFO - [GROQ CALL] json_mode=True model=llama-3.3-70b-versatile prompt_has_json=True prompt_start='\nExtract structured data from this resume text for a professional profile. Retur'
2026-04-16 00:02:39,540 - resume_analyzer - INFO - Calling Groq API with model: llama-3.3-70b-versatile (max_retries: 3)
2026-04-16 00:02:45,046 - resume_analyzer - INFO - AI Extraction started for resume text (length: 11766)
2026-04-16 00:02:45,046 - resume_analyzer - INFO - [GROQ CALL] json_mode=True model=llama-3.3-70b-versatile prompt_has_json=True prompt_start='\nExtract structured data from this resume text for a professional profile. Retur'
2026-04-16 00:02:45,046 - resume_analyzer - INFO - Calling Groq API with model: llama-3.3-70b-versatile (max_retries: 3)
2026-04-16 07:53:52,683 - resume_analyzer - INFO - AI Extraction started for resume text (length: 11766)
2026-04-16 07:53:52,692 - resume_analyzer - INFO - [GROQ CALL] json_mode=True model=llama-3.3-70b-versatile prompt_has_json=True prompt_start='\nExtract structured data from this resume text for a professional profile. Retur'
2026-04-16 07:53:52,693 - resume_analyzer - INFO - Calling Groq API with model: llama-3.3-70b-versatile (max_retries: 3)
2026-04-16 07:54:07,297 - resume_analyzer - INFO - [MasterResume] Calling Groq to generate exhaustive institutional resume for ai engineer...
2026-04-16 07:54:07,297 - resume_analyzer - INFO - [GROQ CALL] json_mode=False model=llama-3.3-70b-versatile prompt_has_json=False prompt_start='\nAct as a BRUTALLY HONEST senior technical recruiter and resume strategist who h'
2026-04-16 07:54:07,297 - resume_analyzer - INFO - Calling Groq API with model: llama-3.3-70b-versatile (max_retries: 3)
2026-04-16 07:54:13,275 - resume_analyzer - INFO - [MasterResume] Successfully generated resume for ai engineer
2026-04-16 07:54:48,448 - resume_analyzer - INFO - AI Extraction started for resume text (length: 11766)
2026-04-16 07:54:48,448 - resume_analyzer - INFO - [GROQ CALL] json_mode=True model=llama-3.3-70b-versatile prompt_has_json=True prompt_start='\nExtract structured data from this resume text for a professional profile. Retur'
2026-04-16 07:54:48,449 - resume_analyzer - INFO - Calling Groq API with model: llama-3.3-70b-versatile (max_retries: 3)
2026-04-16 07:54:52,804 - resume_analyzer - INFO - AI Extraction started for resume text (length: 11766)
2026-04-16 07:54:52,805 - resume_analyzer - INFO - [GROQ CALL] json_mode=True model=llama-3.3-70b-versatile prompt_has_json=True prompt_start='\nExtract structured data from this resume text for a professional profile. Retur'
2026-04-16 07:54:52,805 - resume_analyzer - INFO - Calling Groq API with model: llama-3.3-70b-versatile (max_retries: 3)
2026-04-16 08:24:36,949 - resume_analyzer - INFO - AI Extraction started for resume text (length: 11766)
2026-04-16 08:24:36,959 - resume_analyzer - INFO - [GROQ CALL] json_mode=True model=llama-3.3-70b-versatile prompt_has_json=True prompt_start='\nExtract structured data from this resume text for a professional profile. Retur'
2026-04-16 08:24:36,960 - resume_analyzer - INFO - Calling Groq API with model: llama-3.3-70b-versatile (max_retries: 3)
2026-04-16 08:24:40,815 - resume_analyzer - INFO - AI Extraction started for resume text (length: 11766)
2026-04-16 08:24:40,816 - resume_analyzer - INFO - [GROQ CALL] json_mode=True model=llama-3.3-70b-versatile prompt_has_json=True prompt_start='\nExtract structured data from this resume text for a professional profile. Retur'
2026-04-16 08:24:40,816 - resume_analyzer - INFO - Calling Groq API with model: llama-3.3-70b-versatile (max_retries: 3)
2026-04-16 09:15:39,616 - resume_analyzer - INFO - AI Extraction started for resume text (length: 11766)
2026-04-16 09:15:39,630 - resume_analyzer - INFO - [GROQ CALL] json_mode=True model=llama-3.3-70b-versatile prompt_has_json=True prompt_start='\nExtract structured data from this resume text for a professional profile. Retur'
2026-04-16 09:15:39,630 - resume_analyzer - INFO - Calling Groq API with model: llama-3.3-70b-versatile (max_retries: 3)
2026-04-16 09:15:43,367 - resume_analyzer - INFO - AI Extraction started for resume text (length: 11766)
2026-04-16 09:15:43,368 - resume_analyzer - INFO - [GROQ CALL] json_mode=True model=llama-3.3-70b-versatile prompt_has_json=True prompt_start='\nExtract structured data from this resume text for a professional profile. Retur'
2026-04-16 09:15:43,369 - resume_analyzer - INFO - Calling Groq API with model: llama-3.3-70b-versatile (max_retries: 3)
2026-04-16 11:14:42,995 - resume_analyzer - INFO - AI Extraction started for resume text (length: 11766)
2026-04-16 11:14:42,999 - resume_analyzer - INFO - [GROQ CALL] json_mode=True model=llama-3.3-70b-versatile prompt_has_json=True prompt_start='\nExtract structured data from this resume text for a professional profile. Retur'
2026-04-16 11:14:42,999 - resume_analyzer - INFO - Calling Groq API with model: llama-3.3-70b-versatile (max_retries: 3)
2026-04-16 11:14:47,311 - resume_analyzer - INFO - AI Extraction started for resume text (length: 11766)
2026-04-16 11:14:47,313 - resume_analyzer - INFO - [GROQ CALL] json_mode=True model=llama-3.3-70b-versatile prompt_has_json=True prompt_start='\nExtract structured data from this resume text for a professional profile. Retur'
2026-04-16 11:14:47,314 - resume_analyzer - INFO - Calling Groq API with model: llama-3.3-70b-versatile (max_retries: 3)
2026-04-16 12:55:09,714 - resume_analyzer - INFO - AI Extraction started for resume text (length: 11766)
2026-04-16 12:55:09,723 - resume_analyzer - INFO - [GROQ CALL] json_mode=True model=llama-3.3-70b-versatile prompt_has_json=True prompt_start='\nExtract structured data from this resume text for a professional profile. Retur'
2026-04-16 12:55:09,725 - resume_analyzer - INFO - Calling Groq API with model: llama-3.3-70b-versatile (max_retries: 3)
2026-04-16 12:55:13,591 - resume_analyzer - INFO - AI Extraction started for resume text (length: 11766)
2026-04-16 12:55:13,592 - resume_analyzer - INFO - [GROQ CALL] json_mode=True model=llama-3.3-70b-versatile prompt_has_json=True prompt_start='\nExtract structured data from this resume text for a professional profile. Retur'
2026-04-16 12:55:13,593 - resume_analyzer - INFO - Calling Groq API with model: llama-3.3-70b-versatile (max_retries: 3)
2026-04-16 13:14:29,272 - resume_analyzer - INFO - AI Extraction started for resume text (length: 11766)
2026-04-16 13:14:29,274 - resume_analyzer - INFO - [GROQ CALL] json_mode=True model=llama-3.3-70b-versatile prompt_has_json=True prompt_start='\nExtract structured data from this resume text for a professional profile. Retur'
2026-04-16 13:14:29,276 - resume_analyzer - INFO - Calling Groq API with model: llama-3.3-70b-versatile (max_retries: 3)
2026-04-16 13:14:33,324 - resume_analyzer - INFO - AI Extraction started for resume text (length: 11766)
2026-04-16 13:14:33,326 - resume_analyzer - INFO - [GROQ CALL] json_mode=True model=llama-3.3-70b-versatile prompt_has_json=True prompt_start='\nExtract structured data from this resume text for a professional profile. Retur'
2026-04-16 13:14:33,329 - resume_analyzer - INFO - Calling Groq API with model: llama-3.3-70b-versatile (max_retries: 3)
2026-04-16 18:50:26,340 - resume_analyzer - INFO - AI Extraction started for resume text (length: 11766)
2026-04-16 18:50:26,354 - resume_analyzer - INFO - [GROQ CALL] json_mode=True model=llama-3.3-70b-versatile prompt_has_json=True prompt_start='\nExtract structured data from this resume text for a professional profile. Retur'
2026-04-16 18:50:26,360 - resume_analyzer - INFO - Calling Groq API with model: llama-3.3-70b-versatile (max_retries: 3)
2026-04-16 18:50:31,961 - resume_analyzer - INFO - AI Extraction started for resume text (length: 11766)
2026-04-16 18:50:31,964 - resume_analyzer - INFO - [GROQ CALL] json_mode=True model=llama-3.3-70b-versatile prompt_has_json=True prompt_start='\nExtract structured data from this resume text for a professional profile. Retur'
2026-04-16 18:50:31,965 - resume_analyzer - INFO - Calling Groq API with model: llama-3.3-70b-versatile (max_retries: 3)
2026-04-27 00:09:25,477 - resume_analyzer - INFO - AI Extraction started for resume text (length: 11766)
2026-04-27 00:09:25,506 - resume_analyzer - INFO - [GROQ CALL] json_mode=True model=llama-3.3-70b-versatile prompt_has_json=True prompt_start='\nExtract structured data from this resume text for a professional profile. Retur'
2026-04-27 00:09:25,510 - resume_analyzer - INFO - Calling Groq API with model: llama-3.3-70b-versatile (max_retries: 3)
2026-04-27 00:09:28,932 - resume_analyzer - INFO - AI Extraction started for resume text (length: 11766)
2026-04-27 00:09:28,941 - resume_analyzer - INFO - [GROQ CALL] json_mode=True model=llama-3.3-70b-versatile prompt_has_json=True prompt_start='\nExtract structured data from this resume text for a professional profile. Retur'
2026-04-27 00:09:28,942 - resume_analyzer - INFO - Calling Groq API with model: llama-3.3-70b-versatile (max_retries: 3)
2026-04-27 12:26:21,451 - resume_analyzer - INFO - AI Extraction started for resume text (length: 11766)
2026-04-27 12:26:21,463 - resume_analyzer - INFO - [GROQ CALL] json_mode=True model=llama-3.3-70b-versatile prompt_has_json=True prompt_start='\nExtract structured data from this resume text for a professional profile. Retur'
2026-04-27 12:26:21,466 - resume_analyzer - INFO - Calling Groq API with model: llama-3.3-70b-versatile (max_retries: 3)
2026-04-27 14:16:41,670 - resume_analyzer - INFO - AI Extraction started for resume text (length: 7842)
2026-04-27 14:16:41,679 - resume_analyzer - INFO - [GROQ CALL] json_mode=True model=llama-3.3-70b-versatile prompt_has_json=True prompt_start='\nExtract structured data from this resume text for a professional profile. Retur'
2026-04-27 14:16:41,679 - resume_analyzer - INFO - Calling Groq API with model: llama-3.3-70b-versatile (max_retries: 3)
2026-04-27 15:34:41,042 - resume_analyzer - INFO - AI Extraction started for resume text (length: 7842)
2026-04-27 15:34:41,051 - resume_analyzer - INFO - [GROQ CALL] json_mode=True model=llama-3.3-70b-versatile prompt_has_json=True prompt_start='\nExtract structured data from this resume text for a professional profile. Retur'
2026-04-27 15:34:41,053 - resume_analyzer - INFO - Calling Groq API with model: llama-3.3-70b-versatile (max_retries: 3)
2026-04-27 15:51:23,193 - resume_analyzer - INFO - AI Extraction started for resume text (length: 11766)
2026-04-27 15:51:23,230 - resume_analyzer - INFO - [GROQ CALL] json_mode=True model=llama-3.3-70b-versatile prompt_has_json=True prompt_start='\nExtract structured data from this resume text for a professional profile. Retur'
2026-04-27 15:51:23,273 - resume_analyzer - INFO - Calling Groq API with model: llama-3.3-70b-versatile (max_retries: 3)
2026-04-27 16:11:35,981 - resume_analyzer - INFO - AI Extraction started for resume text (length: 18)
2026-04-27 16:11:35,988 - resume_analyzer - INFO - [GROQ CALL] json_mode=True model=llama-3.3-70b-versatile prompt_has_json=True prompt_start='\nExtract structured data from this resume text for a professional profile. Retur'
2026-04-27 16:11:35,989 - resume_analyzer - INFO - Calling Groq API with model: llama-3.3-70b-versatile (max_retries: 3)
2026-04-27 16:14:07,885 - resume_analyzer - INFO - AI Extraction started for resume text (length: 18)
2026-04-27 16:14:07,885 - resume_analyzer - INFO - [GROQ CALL] json_mode=True model=llama-3.3-70b-versatile prompt_has_json=True prompt_start='\nExtract structured data from this resume text for a professional profile. Retur'
2026-04-27 16:14:07,888 - resume_analyzer - INFO - Calling Groq API with model: llama-3.3-70b-versatile (max_retries: 3)
2026-04-27 16:17:26,770 - resume_analyzer - INFO - AI Extraction started for resume text (length: 18)
2026-04-27 16:17:26,770 - resume_analyzer - INFO - [GROQ CALL] json_mode=True model=llama-3.3-70b-versatile prompt_has_json=True prompt_start='\nExtract structured data from this resume text for a professional profile. Retur'
2026-04-27 16:17:26,770 - resume_analyzer - INFO - Calling Groq API with model: llama-3.3-70b-versatile (max_retries: 3)
2026-04-30 11:49:40,096 - resume_analyzer - INFO - [unified_api_call] Groq failed or not configured. Falling back to Gemini.
2026-04-30 11:49:40,865 - resume_analyzer - ERROR - Error calling Google Gemini API: 404 models/gemini-1.5-flash is not found for API version v1beta, or is not supported for generateContent. Call ListModels to see the list of available models and their supported methods.
2026-04-30 11:51:50,868 - resume_analyzer - INFO - [unified_api_call] Groq failed or not configured. Falling back to Gemini.
2026-04-30 11:51:51,126 - resume_analyzer - ERROR - Error calling Google Gemini API: 429 You exceeded your current quota, please check your plan and billing details. For more information on this error, head to: https://ai.google.dev/gemini-api/docs/rate-limits. To monitor your current usage, head to: https://ai.dev/rate-limit. 
* Quota exceeded for metric: generativelanguage.googleapis.com/generate_content_free_tier_input_token_count, limit: 0, model: gemini-2.0-flash
* Quota exceeded for metric: generativelanguage.googleapis.com/generate_content_free_tier_requests, limit: 0, model: gemini-2.0-flash
* Quota exceeded for metric: generativelanguage.googleapis.com/generate_content_free_tier_requests, limit: 0, model: gemini-2.0-flash
Please retry in 9.667049016s. [links {
  description: "Learn more about Gemini API quotas"
  url: "https://ai.google.dev/gemini-api/docs/rate-limits"
}
, violations {
  quota_metric: "generativelanguage.googleapis.com/generate_content_free_tier_input_token_count"
  quota_id: "GenerateContentInputTokensPerModelPerMinute-FreeTier"
  quota_dimensions {
    key: "model"
    value: "gemini-2.0-flash"
  }
  quota_dimensions {
    key: "location"
    value: "global"
  }
}
violations {
  quota_metric: "generativelanguage.googleapis.com/generate_content_free_tier_requests"
  quota_id: "GenerateRequestsPerMinutePerProjectPerModel-FreeTier"
  quota_dimensions {
    key: "model"
    value: "gemini-2.0-flash"
  }
  quota_dimensions {
    key: "location"
    value: "global"
  }
}
violations {
  quota_metric: "generativelanguage.googleapis.com/generate_content_free_tier_requests"
  quota_id: "GenerateRequestsPerDayPerProjectPerModel-FreeTier"
  quota_dimensions {
    key: "model"
    value: "gemini-2.0-flash"
  }
  quota_dimensions {
    key: "location"
    value: "global"
  }
}
, retry_delay {
  seconds: 9
}
]
2026-04-30 23:07:52,344 - resume_analyzer - INFO - [unified_api_call] Groq failed or not configured. Falling back to Gemini.
2026-04-30 23:07:53,237 - resume_analyzer - ERROR - Error calling Google Gemini API: 429 You exceeded your current quota, please check your plan and billing details. For more information on this error, head to: https://ai.google.dev/gemini-api/docs/rate-limits. To monitor your current usage, head to: https://ai.dev/rate-limit. 
* Quota exceeded for metric: generativelanguage.googleapis.com/generate_content_free_tier_input_token_count, limit: 0, model: gemini-2.0-flash
* Quota exceeded for metric: generativelanguage.googleapis.com/generate_content_free_tier_requests, limit: 0, model: gemini-2.0-flash
* Quota exceeded for metric: generativelanguage.googleapis.com/generate_content_free_tier_requests, limit: 0, model: gemini-2.0-flash
Please retry in 8.074279678s. [links {
  description: "Learn more about Gemini API quotas"
  url: "https://ai.google.dev/gemini-api/docs/rate-limits"
}
, violations {
  quota_metric: "generativelanguage.googleapis.com/generate_content_free_tier_input_token_count"
  quota_id: "GenerateContentInputTokensPerModelPerMinute-FreeTier"
  quota_dimensions {
    key: "model"
    value: "gemini-2.0-flash"
  }
  quota_dimensions {
    key: "location"
    value: "global"
  }
}
violations {
  quota_metric: "generativelanguage.googleapis.com/generate_content_free_tier_requests"
  quota_id: "GenerateRequestsPerMinutePerProjectPerModel-FreeTier"
  quota_dimensions {
    key: "model"
    value: "gemini-2.0-flash"
  }
  quota_dimensions {
    key: "location"
    value: "global"
  }
}
violations {
  quota_metric: "generativelanguage.googleapis.com/generate_content_free_tier_requests"
  quota_id: "GenerateRequestsPerDayPerProjectPerModel-FreeTier"
  quota_dimensions {
    key: "model"
    value: "gemini-2.0-flash"
  }
  quota_dimensions {
    key: "location"
    value: "global"
  }
}
, retry_delay {
  seconds: 8
}
]
2026-04-30 23:10:12,111 - resume_analyzer - INFO - [GROQ CALL] json_mode=True model=llama-3.1-8b-instant prompt_has_json=True prompt_start='\nExtract structured data from this resume text for a professional profile. Retur'
2026-04-30 23:10:12,111 - resume_analyzer - INFO - Calling Groq API with model: llama-3.1-8b-instant (max_retries: 3)
2026-04-30 23:12:46,303 - resume_analyzer - WARNING - AI Resume extraction failed or returned error. Falling back to deterministic parser.
2026-04-30 23:13:00,645 - resume_analyzer - WARNING - AI Resume extraction failed or returned error. Falling back to deterministic parser.
2026-04-30 23:13:13,610 - resume_analyzer - WARNING - AI Resume extraction failed or returned error. Falling back to deterministic parser.
2026-04-30 23:13:25,610 - resume_analyzer - WARNING - AI Resume extraction failed or returned error. Falling back to deterministic parser.
2026-04-30 23:13:37,927 - resume_analyzer - WARNING - AI Resume extraction failed or returned error. Falling back to deterministic parser.
2026-04-30 23:13:52,623 - resume_analyzer - WARNING - AI Resume extraction failed or returned error. Falling back to deterministic parser.
2026-04-30 23:26:52,988 - resume_analyzer - INFO - [unified_api_call] Groq failed or not configured. Falling back to Gemini.
2026-04-30 23:26:53,252 - resume_analyzer - ERROR - Error calling Google Gemini API: 429 You exceeded your current quota, please check your plan and billing details. For more information on this error, head to: https://ai.google.dev/gemini-api/docs/rate-limits. To monitor your current usage, head to: https://ai.dev/rate-limit. 
* Quota exceeded for metric: generativelanguage.googleapis.com/generate_content_free_tier_input_token_count, limit: 0, model: gemini-2.0-flash
* Quota exceeded for metric: generativelanguage.googleapis.com/generate_content_free_tier_requests, limit: 0, model: gemini-2.0-flash
* Quota exceeded for metric: generativelanguage.googleapis.com/generate_content_free_tier_requests, limit: 0, model: gemini-2.0-flash
Please retry in 6.785059173s. [links {
  description: "Learn more about Gemini API quotas"
  url: "https://ai.google.dev/gemini-api/docs/rate-limits"
}
, violations {
  quota_metric: "generativelanguage.googleapis.com/generate_content_free_tier_input_token_count"
  quota_id: "GenerateContentInputTokensPerModelPerMinute-FreeTier"
  quota_dimensions {
    key: "model"
    value: "gemini-2.0-flash"
  }
  quota_dimensions {
    key: "location"
    value: "global"
  }
}
violations {
  quota_metric: "generativelanguage.googleapis.com/generate_content_free_tier_requests"
  quota_id: "GenerateRequestsPerMinutePerProjectPerModel-FreeTier"
  quota_dimensions {
    key: "model"
    value: "gemini-2.0-flash"
  }
  quota_dimensions {
    key: "location"
    value: "global"
  }
}
violations {
  quota_metric: "generativelanguage.googleapis.com/generate_content_free_tier_requests"
  quota_id: "GenerateRequestsPerDayPerProjectPerModel-FreeTier"
  quota_dimensions {
    key: "model"
    value: "gemini-2.0-flash"
  }
  quota_dimensions {
    key: "location"
    value: "global"
  }
}
, retry_delay {
  seconds: 6
}
]
2026-05-01 00:00:34,433 - resume_analyzer - INFO - [unified_api_call] Groq failed or not configured. Falling back to Gemini.
2026-05-01 00:00:34,677 - resume_analyzer - ERROR - Error calling Google Gemini API: 429 You exceeded your current quota, please check your plan and billing details. For more information on this error, head to: https://ai.google.dev/gemini-api/docs/rate-limits. To monitor your current usage, head to: https://ai.dev/rate-limit. 
* Quota exceeded for metric: generativelanguage.googleapis.com/generate_content_free_tier_input_token_count, limit: 0, model: gemini-2.0-flash
* Quota exceeded for metric: generativelanguage.googleapis.com/generate_content_free_tier_requests, limit: 0, model: gemini-2.0-flash
* Quota exceeded for metric: generativelanguage.googleapis.com/generate_content_free_tier_requests, limit: 0, model: gemini-2.0-flash
Please retry in 25.378280367s. [links {
  description: "Learn more about Gemini API quotas"
  url: "https://ai.google.dev/gemini-api/docs/rate-limits"
}
, violations {
  quota_metric: "generativelanguage.googleapis.com/generate_content_free_tier_input_token_count"
  quota_id: "GenerateContentInputTokensPerModelPerMinute-FreeTier"
  quota_dimensions {
    key: "model"
    value: "gemini-2.0-flash"
  }
  quota_dimensions {
    key: "location"
    value: "global"
  }
}
violations {
  quota_metric: "generativelanguage.googleapis.com/generate_content_free_tier_requests"
  quota_id: "GenerateRequestsPerMinutePerProjectPerModel-FreeTier"
  quota_dimensions {
    key: "model"
    value: "gemini-2.0-flash"
  }
  quota_dimensions {
    key: "location"
    value: "global"
  }
}
violations {
  quota_metric: "generativelanguage.googleapis.com/generate_content_free_tier_requests"
  quota_id: "GenerateRequestsPerDayPerProjectPerModel-FreeTier"
  quota_dimensions {
    key: "model"
    value: "gemini-2.0-flash"
  }
  quota_dimensions {
    key: "location"
    value: "global"
  }
}
, retry_delay {
  seconds: 25
}
]
2026-05-01 12:28:44,489 - resume_analyzer - INFO - [GROQ CALL] json_mode=True model=llama-3.3-70b-versatile prompt_has_json=True prompt_start='\nExtract structured data from this resume text for a professional profile. Retur'
2026-05-01 12:28:44,495 - resume_analyzer - INFO - Calling Groq API with model: llama-3.3-70b-versatile (max_retries: 3)
2026-05-01 12:28:46,678 - resume_analyzer - INFO - Resume extraction successful using AI.
2026-05-06 09:32:32,798 - resume_analyzer - INFO - [GROQ CALL] json_mode=True model=llama-3.3-70b-versatile prompt_has_json=True prompt_start='\nExtract structured data from this resume text for a professional profile. Retur'
2026-05-06 09:32:32,806 - resume_analyzer - INFO - Calling Groq API with model: llama-3.3-70b-versatile (max_retries: 3)
2026-05-06 09:32:36,927 - resume_analyzer - INFO - Resume extraction successful using AI.
2026-05-07 13:10:24,829 - resume_analyzer - INFO - [GROQ CALL] json_mode=True model=llama-3.3-70b-versatile prompt_has_json=True prompt_start='\nExtract structured data from this resume text for a professional profile. Retur'
2026-05-07 13:10:24,837 - resume_analyzer - INFO - Calling Groq API with model: llama-3.3-70b-versatile (max_retries: 3)
2026-05-07 13:10:27,778 - resume_analyzer - INFO - Resume extraction successful using AI.
2026-05-07 14:50:20,013 - resume_analyzer - INFO - [GROQ CALL] json_mode=True model=llama-3.3-70b-versatile prompt_has_json=True prompt_start='\nExtract structured data from this resume text for a professional profile. Retur'
2026-05-07 14:50:20,025 - resume_analyzer - INFO - Calling Groq API with model: llama-3.3-70b-versatile (max_retries: 3)
2026-05-07 14:50:22,542 - resume_analyzer - INFO - Resume extraction successful using AI.
2026-05-08 08:07:15,622 - resume_analyzer - INFO - [GROQ CALL] json_mode=True model=llama-3.3-70b-versatile prompt_has_json=True prompt_start='\nExtract structured data from this resume text for a professional profile. Retur'
2026-05-08 08:07:15,660 - resume_analyzer - INFO - Calling Groq API with model: llama-3.3-70b-versatile (max_retries: 3)
2026-05-08 08:07:28,215 - resume_analyzer - INFO - Resume extraction successful using AI.
2026-05-08 12:22:30,400 - resume_analyzer - INFO - [GROQ CALL] json_mode=True model=llama-3.3-70b-versatile prompt_has_json=True prompt_start='\nExtract structured data from this resume text for a professional profile. Retur'
2026-05-08 12:22:30,408 - resume_analyzer - INFO - Calling Groq API with model: llama-3.3-70b-versatile (max_retries: 3)
2026-05-08 12:22:32,692 - resume_analyzer - INFO - Resume extraction successful using AI.
2026-05-15 15:08:20,159 - resume_analyzer - INFO - [GROQ CALL] json_mode=True model=llama-3.3-70b-versatile prompt_has_json=True prompt_start='\nExtract structured data from this resume text for a professional profile. Retur'
2026-05-15 15:08:20,165 - resume_analyzer - INFO - Calling Groq API with model: llama-3.3-70b-versatile (max_retries: 3)
2026-05-15 15:08:22,669 - resume_analyzer - INFO - Resume extraction successful using AI.
2026-05-15 15:31:58,858 - resume_analyzer - INFO - [GROQ CALL] json_mode=True model=llama-3.3-70b-versatile prompt_has_json=True prompt_start='\nExtract structured data from this resume text for a professional profile. Retur'
2026-05-15 15:31:58,863 - resume_analyzer - INFO - Calling Groq API with model: llama-3.3-70b-versatile (max_retries: 3)
2026-05-15 15:32:00,998 - resume_analyzer - INFO - Resume extraction successful using AI.
2026-05-15 15:50:04,831 - resume_analyzer - INFO - [GROQ CALL] json_mode=True model=llama-3.3-70b-versatile prompt_has_json=True prompt_start='\nExtract structured data from this resume text for a professional profile. Retur'
2026-05-15 15:50:04,831 - resume_analyzer - INFO - Calling Groq API with model: llama-3.3-70b-versatile (max_retries: 3)
2026-05-15 15:50:07,119 - resume_analyzer - INFO - Resume extraction successful using AI.
2026-05-15 16:29:34,596 - resume_analyzer - INFO - [GROQ CALL] json_mode=True model=llama-3.3-70b-versatile prompt_has_json=True prompt_start='\nExtract structured data from this resume text for a professional profile. Retur'
2026-05-15 16:29:34,598 - resume_analyzer - INFO - Calling Groq API with model: llama-3.3-70b-versatile (max_retries: 3)
2026-05-15 16:29:38,012 - resume_analyzer - INFO - Resume extraction successful using AI.
2026-05-15 16:39:25,739 - resume_analyzer - INFO - [GROQ CALL] json_mode=True model=llama-3.3-70b-versatile prompt_has_json=True prompt_start='\nExtract structured data from this resume text for a professional profile. Retur'
2026-05-15 16:39:25,739 - resume_analyzer - INFO - Calling Groq API with model: llama-3.3-70b-versatile (max_retries: 3)
2026-05-15 16:39:27,782 - resume_analyzer - INFO - Resume extraction successful using AI.
2026-05-15 18:06:16,312 - resume_analyzer - INFO - [GROQ CALL] json_mode=True model=llama-3.3-70b-versatile prompt_has_json=True prompt_start='\nExtract structured data from this resume text for a professional profile. Retur'
2026-05-15 18:06:16,313 - resume_analyzer - INFO - Calling Groq API with model: llama-3.3-70b-versatile (max_retries: 3)
2026-05-15 18:06:18,397 - resume_analyzer - INFO - Resume extraction successful using AI.
2026-05-15 20:26:10,536 - resume_analyzer - INFO - [GROQ CALL] json_mode=True model=llama-3.3-70b-versatile prompt_has_json=True prompt_start='\nExtract structured data from this resume text for a professional profile. Retur'
2026-05-15 20:26:10,538 - resume_analyzer - INFO - Calling Groq API with model: llama-3.3-70b-versatile (max_retries: 3)
2026-05-15 20:26:13,582 - resume_analyzer - INFO - Resume extraction successful using AI.
2026-05-15 20:29:22,022 - resume_analyzer - INFO - [GROQ CALL] json_mode=True model=llama-3.3-70b-versatile prompt_has_json=True prompt_start='\nExtract structured data from this resume text for a professional profile. Retur'
2026-05-15 20:29:22,023 - resume_analyzer - INFO - Calling Groq API with model: llama-3.3-70b-versatile (max_retries: 3)
2026-05-15 20:29:24,292 - resume_analyzer - INFO - Resume extraction successful using AI.
2026-05-18 09:33:12,009 - resume_analyzer - INFO - [GROQ CALL] json_mode=True model=llama-3.3-70b-versatile prompt_has_json=True prompt_start='\nExtract structured data from this resume text for a professional profile. Retur'
2026-05-18 09:33:12,012 - resume_analyzer - INFO - Calling Groq API with model: llama-3.3-70b-versatile (max_retries: 3)
2026-05-18 09:33:14,634 - resume_analyzer - INFO - Resume extraction successful using AI.
2026-05-18 10:39:49,470 - resume_analyzer - INFO - [GROQ CALL] json_mode=True model=llama-3.3-70b-versatile prompt_has_json=True prompt_start='\nExtract structured data from this resume text for a professional profile. Retur'
2026-05-18 10:39:49,476 - resume_analyzer - INFO - Calling Groq API with model: llama-3.3-70b-versatile (max_retries: 3)
2026-05-18 10:39:52,333 - resume_analyzer - INFO - Resume extraction successful using AI.
2026-05-19 10:45:03,021 - resume_analyzer - INFO - [GROQ CALL] json_mode=True model=llama-3.3-70b-versatile prompt_has_json=True prompt_start='\nExtract structured data from this resume text for a professional profile. Retur'
2026-05-19 10:45:03,024 - resume_analyzer - INFO - Calling Groq API with model: llama-3.3-70b-versatile (max_retries: 3)
2026-05-19 10:45:05,398 - resume_analyzer - INFO - Resume extraction successful using AI.
2026-06-03 14:52:24,851 - resume_analyzer - INFO - [GROQ CALL] json_mode=True model=llama-3.3-70b-versatile prompt_has_json=True prompt_start='\nExtract structured data from this resume text for a professional profile. Retur'
2026-06-03 14:52:24,854 - resume_analyzer - INFO - Calling Groq API with model: llama-3.3-70b-versatile (max_retries: 3)
2026-06-03 14:52:28,220 - resume_analyzer - INFO - Resume extraction successful using AI.
2026-06-04 10:06:34,922 - resume_analyzer - INFO - [GROQ CALL] json_mode=True model=llama-3.3-70b-versatile prompt_has_json=True prompt_start='\nExtract structured data from this resume text for a professional profile. Retur'
2026-06-04 10:06:34,922 - resume_analyzer - INFO - Calling Groq API with model: llama-3.3-70b-versatile (max_retries: 3)
2026-06-04 10:06:35,808 - resume_analyzer - INFO - Resume extraction successful using AI.
2026-06-04 10:10:01,446 - resume_analyzer - INFO - [GROQ CALL] json_mode=True model=llama-3.3-70b-versatile prompt_has_json=True prompt_start='\nExtract structured data from this resume text for a professional profile. Retur'
2026-06-04 10:10:01,446 - resume_analyzer - INFO - Calling Groq API with model: llama-3.3-70b-versatile (max_retries: 3)
2026-06-04 10:10:02,311 - resume_analyzer - INFO - Resume extraction successful using AI.
2026-06-04 10:14:08,758 - resume_analyzer - INFO - [GROQ CALL] json_mode=True model=llama-3.3-70b-versatile prompt_has_json=True prompt_start='\nExtract structured data from this resume text for a professional profile. Retur'
2026-06-04 10:14:08,758 - resume_analyzer - INFO - Calling Groq API with model: llama-3.3-70b-versatile (max_retries: 3)
2026-06-04 10:14:09,791 - resume_analyzer - INFO - Resume extraction successful using AI.
2026-06-08 09:46:30,561 - resume_analyzer - INFO - [GROQ CALL] json_mode=True model=llama-3.3-70b-versatile prompt_has_json=True prompt_start='\nExtract structured data from this resume text for a professional profile. Retur'
2026-06-08 09:46:30,563 - resume_analyzer - INFO - Calling Groq API with model: llama-3.3-70b-versatile (max_retries: 3)
2026-06-08 09:46:32,546 - resume_analyzer - INFO - Resume extraction successful using AI.
